region,variable,Agricultural TFP Index,Gross agricultural production in $1000,Agricultural land in 1000 hectares,Agricultural labor in 1000 persons,Agricultural capital stock in $1000,Farm machinery in Metric horsepower 1000 CV,Fertilizer in metric tonnes
Nigeria,2014,99.0,53822413.87,52552.41844,19218.284,147226.7214,786.6846685,558090.7555
Benin,2014,108.0,3690445.872,3484.899513,1672.88,923.358786,9.924716613,34313.86267
C?te d'Ivoire,2014,97.0,9948419.82,10653.99686,3135.343,6813.71483,392.0199224,148851.1032
Ghana,2014,98.0,11480566.84,7365.345294,4336.642,15380.64916,93.6243607,93924.68007
Guinea,2014,100.0,3637370.76,5337.457084,2351.231,1539.177319,281.742273,14830.51836
Guinea-Bissau,2014,100.0,439416.0,612.4651908,428.448,171.904252,1.056232787,7941.850752
Liberia,2014,103.0,528453.9641,584.9708286,817.658,441.599378,17.2694895,4940.4525
Sierra Leone,2014,108.0,1798095.256,1839.025103,1287.224,1015.566753,5.02206021,4266.766621
Togo,2014,103.0,1343315.752,2305.185974,978.837,576.35868,4.553055957,19554.07902
Cameroon,2014,100.0,8893119.384,6499.302416,4499.515,3470.254864,20.44792263,87900.26901
Central African Republic,2014,100.0,1409096.698,1011.933704,1238.884,723.39506,2.091340833,20664.22702
Congo DR,2014,100.0,10648684.58,12231.57687,16141.257,6461.882433,119.2748972,37794.67857
Congo Republic,2014,97.0,603978.6444,527.4448533,601.245,884.289627,40.76604655,2950.3277
Equatorial Guinea,2014,98.0,79782.45128,92.78524397,150.247,289.276979,9.94066101,146.8530947
Gabon,2014,103.0,473241.3538,304.4395364,158.516,821.261552,82.45198843,7754.097285
Sao Tome and Principe,2014,116.0,35318.0,59.24347632,12.305,40.067939,5.23527638,528.0154096
Burundi,2014,107.0,1860654.219,1342.706294,3564.289,388.921434,9.550524569,23064.82533
Kenya,2014,103.0,11430671.58,6264.061991,11257.681,7863.391295,811.5023034,312964.0349
Rwanda,2014,103.0,2591525.048,2142.206945,3729.792,869.590959,2.351384558,32203.73069
Tanzania,2014,93.0,15924155.95,18425.76942,15409.82,4964.258579,1051.423157,186938.1286
Uganda,2014,103.0,8757492.768,6925.626497,9624.097,3794.87646,286.621049,78876.05131
Djibouti,2014,129.0,63546.0,39.77910365,97.166,13.481385,0.24,630.6091933
Eritrea,2014,105.0,392443.0,753.5966161,922.495,363.627827,26.00667074,7051.125168
Ethiopia,2014,99.0,17761719.91,16989.89448,31010.364,8902.474361,158.6840001,514791.0898
Somalia,2014,100.0,2348989.0,1582.229012,2353.282,638.659878,54.84,20637.63214
South Sudan,2014,97.0,4314846.602,2610.493415,2349.243,2859.494988,0.04,50346.99567
Sudan,2014,97.0,13969357.51,20950.42419,3749.101,9257.642617,1129.911913,241930.8863
Burkina Faso,2014,111.0,4334770.462,6912.22324,1805.669,1377.98491,45.86451485,149872.3439
Cabo Verde,2014,100.0,59459.0,84.98620327,28.438,174.357404,2.229455681,1402.476367
Chad,2014,100.0,5033157.805,5902.332175,3742.94,1226.893278,10.37666834,39801.77257
Gambia,2014,93.0,195020.8626,361.2965324,179.433,143.721914,2.625251637,1127.797838
Mali,2014,102.0,6926039.357,7936.138194,3921.771,1491.002423,82.93191836,163237.9427
Mauritania,2014,101.0,843286.0,1092.210488,319.524,963.791825,18.33073804,8740.997195
Niger,2014,86.0,4554373.698,18401.27066,5112.915,1251.034474,11.11432681,43682.56829
Senegal,2014,86.0,2273482.901,2847.311905,1175.032,1639.175302,44.01863493,77797.6401
Angola,2014,100.0,5538891.176,5609.687031,5230.7,9669.048748,817.0078537,94504.64682
Comoros,2014,103.0,94696.0,105.221016,71.311,250.915898,0.255979803,162.0361278
Madagascar,2014,102.0,5102547.094,4085.204051,7912.045,1715.414554,35.50037003,68280.92045
Malawi,2014,106.0,7011799.728,4468.702061,5022.361,775.334471,69.25990288,186178.9344
Mauritius,2014,102.0,343841.7906,75.72856172,39.326,955.285845,9.614515766,32223.16002
Mozambique,2014,104.0,3605114.451,6358.996308,8043.367,1410.048577,260.9874727,75963.62824
Zambia,2014,105.0,3446101.276,2704.557921,2995.329,2012.980554,265.0377069,208741.1082
Zimbabwe,2014,103.0,2322668.495,2615.730388,4129.789,8545.951705,1142.072034,116538.062
Botswana,2014,90.0,453987.0,606.5396531,176.374,190.467436,159.5955403,26168.801
Eswatini,2014,99.0,462087.0085,244.7644349,36.078,628.912127,62.83991366,1863.190221
Lesotho,2014,99.0,273694.6279,238.4731725,328.065,65.71985,62.06025343,2576.938543
Namibia,2014,97.0,530116.8996,1169.468425,209.124,985.648614,179.3838934,10442.72742
South Africa,2014,106.0,21812878.11,14953.48855,726.817,21136.23092,3688.950667,853737.5665
Belize,2014,110.0,306227.7933,113.6068975,25.368,149.158278,61.01226403,30155.83791
Costa Rica,2014,104.0,4536500.158,656.3886,237.796,7592.98018,295.6353431,244130.6677
El Salvador,2014,106.0,1580683.891,914.5324324,479.529,2719.795155,172.4616548,119175.0733
Guatemala,2014,97.0,8228957.972,2252.907457,1905.263,10533.9844,293.9006197,448253.0085
Honduras,2014,97.0,3129404.171,1668.569632,1047.044,3163.928443,239.69175,177332.0528
Mexico,2014,99.0,56581107.33,31047.58735,6887.931,13942.85722,10815.28,2606662.196
Nicaragua,2014,107.0,2638904.593,2007.946411,833.193,2133.467849,163.0482375,113919.5924
Panama,2014,104.0,1516434.66,814.2999714,277.028,1855.972286,457.4376779,49205.5394
Bahamas,2014,100.0,52041.76919,12.68557306,4.541,222.110727,4.741500763,1957.182458
Cuba,2014,98.0,4645990.365,3997.070743,939.118,3044.219192,3052.08,217770.5607
Dominican Republic,2014,98.0,4486939.158,1382.831737,462.041,6074.246238,79.97675809,170273.3328
Haiti,2014,102.0,2083316.386,1425.314993,1223.644,1488.534655,6.196814292,23126.42637
Jamaica,2014,96.0,785098.5548,241.0379528,219.112,764.639259,121.5083286,20341.29483
Lesser Antilles,2014,98.0,456966.509,131.9503274,70.139,254.401868,141.6789554,5503.551172
Puerto Rico (USA),2014,101.0,397938.843,95.32713683,12.425,1510.177892,123.8644032,19427.72255
Trinidad and Tobago,2014,127.0,192473.409,51.59056262,23.854,35.95334,179.0429359,17245.27313
French Guiana (France),2014,99.0,46698.01042,22.51939404,12.0,30.94727091,18.512,141.8940796
Guyana,2014,87.0,561199.4998,562.209977,44.648,493.293482,150.8070715,29056.19878
Suriname,2014,103.0,209049.1916,112.8292616,14.599,663.926615,46.64375421,14557.52857
Venezuela,2014,99.0,8936054.425,4502.414033,915.19,5922.018833,2071.045609,920681.7183
Bolivia,2014,88.0,6038811.991,5962.342129,1549.272,4113.736785,300.9607273,133621.9711
Colombia,2014,100.0,22477389.5,6612.229832,3631.784,14492.70659,939.3750414,1212205.401
Ecuador,2014,97.0,11454925.91,4011.086224,1760.118,8851.677122,670.5929252,468271.0382
Peru,2014,102.0,14960589.26,8577.847458,4517.021,9502.990428,557.336546,572035.977
Brazil,2014,96.0,223517905.1,74049.61719,10039.0,212591.9922,43083.61111,15767131.77
Argentina,2014,91.0,65685576.2,43652.94653,1073.9975,58704.55361,10906.66853,1658388.282
Chile,2014,103.0,16689949.12,3200.546209,764.722,14540.90724,2220.412719,541030.0476
Paraguay,2014,98.0,8992799.64,5385.025835,666.016,3702.460214,1220.169964,437209.6971
Uruguay,2014,104.0,6401143.796,2885.699793,149.486,5490.874128,1523.371877,362101.6595
Japan,2014,98.0,29165157.82,5847.365177,2300.0,152705.1265,75731.91424,1212037.049
"Korea, Republic",2014,100.0,17266869.04,2101.271548,1435.413,58090.86259,19726.22389,850717.446
Taiwan,2014,105.0,8315395.222,1005.332512,549.0,8929.682988,1153.324,324675.5653
China,2014,99.0,948203223.9,191960.8117,227908.856,1082768.326,1469158.396,54922338.85
"Korea, DPR",2014,101.0,5893623.164,3372.443193,7045.99,3905.7671,2568.0,248733.3015
Mongolia,2014,80.0,1652882.0,7723.411893,337.968,3085.746954,199.0660363,142417.0473
Brunei Darussalam,2014,113.0,68503.58626,10.82631819,1.046,230.415001,2.635962886,4370.185254
Cambodia,2014,95.0,6615955.928,4211.028498,3837.23,2778.322816,876.4427552,164158.4519
Indonesia,2014,98.0,103407802.3,50883.90833,39904.349,166281.9174,4265.621801,6825668.327
Laos,2014,89.0,4470041.99,2053.608249,2270.039,1874.263418,143.6238467,55026.29599
Malaysia,2014,97.0,17953061.47,8100.978094,1716.975,62872.68822,3524.776742,2210713.618
Myanmar,2014,98.0,33281467.98,13798.30981,11214.60209,8958.928412,4724.149437,598651.8929
Philippines,2014,99.0,34840249.18,12107.7017,11788.555,41155.7301,42746.0761,1085144.328
Thailand,2014,104.0,50313283.97,25422.28056,12732.721,69697.17451,35573.82291,2725547.026
Timor-Leste,2014,90.0,206611.0144,260.6747452,202.005,406.408833,15.41566087,5562.806982
Vietnam,2014,102.0,57302278.63,13174.84673,25164.538,23749.84145,15907.56156,3040037.665
Fiji,2014,96.0,237373.2993,262.4353509,72.067,276.186371,357.2704964,9079.422375
New Caledonia (France),2014,91.0,47133.4754,25.74152797,2.456,182.905457,81.38,2267.965887
Papua New Guinea,2014,100.0,3625749.506,1010.747923,1421.343,3257.873954,91.11350998,47092.67493
Solomon Islands,2014,96.0,131674.0223,103.9525441,119.316,268.160264,0.619883969,511.9939785
Vanuatu,2014,104.0,107154.4261,147.3758568,69.13,200.502042,4.299487288,1541.19487
Micronesia,2014,99.0,61416.67673,75.69911874,37.196,142.21712,8.20533494,709.7331698
Polynesia,2014,104.0,164968.0137,134.0436038,40.397,234.66251,32.9528878,3478.638423
Bangladesh,2014,100.0,39947112.64,18310.71859,26021.562,19436.39626,16419.27252,2555614.579
Bhutan,2014,107.0,276486.4567,194.6292582,178.706,234.690269,8.357251279,3426.325932
India,2014,102.0,386483042.1,294330.9596,205046.369,498649.5529,287783.9363,27777474.05
Nepal,2014,100.0,8882185.664,4860.856563,9582.085,3653.286967,1892.680141,221770.0757
Pakistan,2014,100.0,61515575.46,67072.61787,22949.86,92384.27682,23381.21781,5003835.068
Sri Lanka,2014,91.0,4541040.191,3444.889928,2223.108,11939.11867,1883.779743,380677.25
Armenia,2014,92.0,1899926.12,899.6041127,394.765,479.981017,626.0959026,12176.27039
Azerbaijan,2014,102.0,4092247.339,4559.975641,1687.895,6068.659385,942.9623686,33279.97716
Georgia,2014,101.0,1157214.776,1224.892072,778.018,1183.281224,1086.527603,47604.7898
Bahrain,2014,84.0,108129.4344,11.1943273,8.072,103.169383,0.201601062,2090.824205
Cyprus,2014,99.0,478309.8025,170.3610378,22.477,1820.110564,481.2617104,29879.00498
Iran,2014,97.0,42339879.9,32778.64276,3907.369,36461.74567,12029.76254,1332303.502
Iraq,2014,155.0,5147127.023,11091.60814,1691.088,5014.103075,3628.36563,253727.2906
Israel,2014,98.0,4335178.208,831.5854449,38.657,6270.762729,1061.10065,89345.30731
West Bank and Gaza,2014,120.0,735907.0,318.7149081,91.12,1527.407146,238.1228189,861.4346091
Jordan,2014,87.0,1885975.077,510.3317032,58.432,2543.604271,309.0843842,28146.70432
Kuwait,2014,100.0,569558.4844,48.59584203,43.458,462.614231,3.91648584,13190.9503
Lebanon,2014,102.0,1777431.165,430.031155,262.007,1701.161024,314.8216536,38530.22712
Oman,2014,104.0,757866.3455,212.8147272,97.742,815.430353,6.690613835,20038.74892
Qatar,2014,75.0,92503.88478,51.28893374,24.239,61.30331371,3.529266305,5322.409429
Saudi Arabia,2014,94.0,4719286.513,10271.95293,622.663,15318.01355,342.3879473,295796.3209
Syria,2014,71.0,6310053.256,8057.09454,633.702,4181.739775,4069.42,33674.77927
Turkey,2014,96.0,61003157.77,32759.15517,5451.393,97340.89943,45865.95589,2253750.58
United Arab Emirates,2014,100.0,958891.6968,223.7084056,145.239,3499.618818,2.261170723,30372.1974
Yemen,2014,95.0,3016489.0,3082.394888,1418.259,1999.05952,228.9518929,37194.21494
Afghanistan,2014,105.0,6045594.894,11529.77344,3747.084,6419.524598,12.39751851,132946.6181
Kyrgyzstan,2014,88.0,2964937.709,2501.645097,727.331,1218.361776,1065.195902,70889.96077
Tajikistan,2014,95.0,2896022.488,1698.541371,969.5042955,1661.870619,679.2872085,65372.823
Turkmenistan,2014,100.0,4143953.903,4566.243664,922.8682134,2746.242568,2586.172351,484797.4156
Uzbekistan,2014,99.0,21330071.91,8812.139772,3551.021,13992.97372,7153.616738,995866.6793
Algeria,2014,99.0,13446951.25,18511.50918,1090.969,19383.04794,5044.359828,259275.8818
Egypt,2014,102.0,37527243.74,29026.32043,6694.0,26037.85921,4735.029998,1476226.834
Libya,2014,97.0,1778102.301,5098.436564,348.904,7381.97304,1154.330567,46164.82687
Morocco,2014,89.0,14420764.05,21307.72982,4016.81,20732.62543,2238.412406,508994.9528
Tunisia,2014,80.0,5575234.622,8305.443519,502.846,7492.179528,1847.172666,145742.7675
Belarus,2014,97.0,11395527.48,6065.072239,472.648,19481.16815,2298.500256,1415181.812
Kazakhstan,2014,94.0,13912930.4,48487.02174,1910.741,9106.025061,2140.063673,266740.6254
Moldova,2014,132.0,2603862.245,2128.793185,157.715,817.930286,1775.832222,72328.71075
Russian Federation,2014,100.0,87416238.44,134560.9475,4810.593,108519.1783,12639.44272,3461851.754
Ukraine,2014,100.0,45586607.99,35636.36168,2669.9,23847.77201,15426.06826,1801483.95
Albania,2014,99.0,2012902.221,942.5996903,431.847,4037.790298,321.7536438,72501.04612
Bulgaria,2014,107.0,5140261.188,3811.14187,208.933,5076.947976,2806.823887,484330.935
Czechia,2014,107.0,5996421.232,2646.75616,136.717,12554.2142,3262.256976,528222.9519
Slovakia,2014,110.0,2342786.953,1463.484385,82.642,11837.71044,1123.967406,178745.3846
Hungary,2014,106.0,9545210.926,4679.97341,190.993,22370.20294,5159.654817,558557.1186
Poland,2014,104.0,31202132.74,11677.59124,1937.1,21773.10674,82998.59344,2167756.49
Romania,2014,103.0,15162317.38,11433.21059,2448.865,31248.43343,8199.367942,918292.0428
Croatia,2014,91.0,2521583.192,963.8554237,149.011,7089.612567,1203.410106,197455.1302
Slovenia,2014,89.0,947959.8959,275.5302022,88.709,3845.679827,4395.717754,66927.82036
Bosnia and Herzegovina,2014,91.0,1263135.546,1212.117432,171.754,1063.729419,1279.368012,77926.06399
North Macedonia,2014,91.0,1201624.222,599.3139452,128.105,742.178401,2153.46185,37229.26151
Montenegro,2014,103.0,153557.9508,35.45745353,12.319,422.060476,5.168841019,7457.65521
Serbia,2014,103.0,6392372.819,2904.811164,625.103,7196.627553,16743.84359,322888.4609
Estonia,2014,92.0,936674.5979,686.8529535,21.97,2580.95078,858.7930315,93547.16615
Latvia,2014,82.0,1472917.858,1276.87046,76.42,5264.347326,2317.971206,115323.8709
Lithuania,2014,87.0,3135204.62,2437.802068,149.9,5278.074705,4909.869359,300753.8912
Finland,2014,99.0,3277978.677,2237.293703,103.664,22472.85821,6538.916144,251345.1134
Iceland,2014,94.0,205477.1589,286.0920154,8.039,2071.196423,464.6710094,25197.4743
Norway,2014,96.0,8409143.199,827.7561988,58.916,24114.18787,3817.72556,212373.7227
Sweden,2014,101.0,4764825.46,2625.504128,93.72,48115.17217,6015.233696,310096.4476
Greece,2014,94.0,11458711.84,5086.302456,479.886,17581.41318,11270.71731,350136.1222
Italy,2014,93.0,37953091.29,13433.87313,811.748,180927.6666,46392.07031,1289023.754
Malta,2014,104.0,127950.3149,14.31402367,5.04,215.250726,95.47095712,5434.143332
Portugal,2014,86.0,5875374.935,2553.171262,265.2,17252.28751,7810.41427,213277.6121
Spain,2014,96.0,47298559.11,21886.93074,735.909,101365.009,29246.58789,2269379.894
Austria,2014,97.0,6398318.716,1570.749442,198.926,51089.35924,11768.81753,302465.593
Belgium,2014,100.0,9371044.143,891.4302025,56.84,10221.22165,3523.386663,393452.9992
Luxembourg,2014,90.0,261713.0,70.45339428,3.428,2527.902931,249.8727494,22364.39988
Denmark,2014,100.0,9686149.581,2569.382574,65.915,32511.75741,3296.584137,463349.7876
France,2014,100.0,61963235.31,20989.57542,742.849,131503.2041,43431.00781,3949625.636
Germany,2014,102.0,55065521.64,12701.22344,569.55,171606.1724,32162.21327,3344754.831
Ireland,2014,95.0,6962086.301,842.8438383,163.64,10895.22967,6194.153786,779392.3252
Netherlands,2014,100.0,17584759.02,1293.442227,174.04,57890.93185,5423.553106,556390.7068
Switzerland,2014,100.0,4044833.607,543.6127065,154.838,55483.85381,4306.834692,134723.5485
United Kingdom,2014,98.0,29003413.07,7347.167588,382.013,68633.79861,15850.75808,2005472.491
Australia,2014,97.0,42740032.29,67549.24717,323.517,108218.7426,16422.93541,2722959.345
New Zealand,2014,95.0,17231503.95,2511.557822,142.8,15305.78441,3720.443985,987058.6222
Canada,2014,97.0,44029486.53,42328.34123,305.135,39794.34257,34811.56,4145697.664
United States,2014,103.0,357753224.4,231660.9239,2235.833333,629435.1219,172831.9191,22358913.06
Nigeria,2015,100.0,55085717.25,53818.71206,19285.227,156758.5987,791.3211524,440053.0711
Benin,2015,100.0,3330950.423,3536.941513,1707.079,967.688685,10.15270541,13295.69891
C?te d'Ivoire,2015,100.0,10947129.34,12170.07186,3153.145,7022.752902,399.6819451,155336.1311
Ghana,2015,100.0,11570091.31,7288.536042,3838.281,15491.67716,83.81093198,132917.0758
Guinea,2015,100.0,3803162.105,5550.361084,2395.221,1662.927143,288.1782751,15466.31951
Guinea-Bissau,2015,100.0,465015.0,657.0540926,437.065,182.47892,1.077526513,7909.613019
Liberia,2015,100.0,547522.4154,618.1299531,836.22,481.867458,17.83130314,4918.354629
Sierra Leone,2015,100.0,1682178.557,1705.374103,1342.293,1076.513434,5.174073318,4801.172608
Togo,2015,100.0,1287916.345,2119.572974,949.979,587.233207,4.548448192,25131.8442
Cameroon,2015,100.0,9374721.817,6914.866416,4535.542,3695.695178,20.70589971,105379.7298
Central African Republic,2015,100.0,1401439.698,1019.814704,1233.776,697.161117,2.09172852,21595.53698
Congo DR,2015,100.0,10763634.25,12406.95887,16522.467,6403.534276,121.9491768,38869.19545
Congo Republic,2015,100.0,627386.2194,516.2798533,606.763,920.048522,41.1325576,3044.540118
Equatorial Guinea,2015,100.0,83931.45128,95.45024397,160.281,297.090863,10.54600733,148.5962633
Gabon,2015,100.0,478581.3538,305.8077353,163.24,835.531326,84.946933,13459.4304
Sao Tome and Principe,2015,100.0,30024.0,59.37947632,12.21,39.255383,5.186891191,532.214584
Burundi,2015,100.0,1774973.093,1382.188294,3695.427,401.202427,9.893700219,19516.38745
Kenya,2015,100.0,11676084.33,6216.935991,11607.572,8864.417448,834.7606068,311101.319
Rwanda,2015,100.0,2674007.184,2206.803945,3751.311,943.534866,2.363210236,47600.41405
Tanzania,2015,100.0,16574440.28,18783.11842,15773.778,4442.010824,1076.849244,165326.9082
Uganda,2015,100.0,8775460.738,6992.866497,9983.21,4034.333681,297.0830912,79153.26807
Djibouti,2015,100.0,51913.0,39.47510365,95.947,14.454137,0.24,626.6551171
Eritrea,2015,100.0,388515.0,772.9936161,936.412,388.468821,26.45063015,7654.888471
Ethiopia,2015,100.0,19226582.06,17615.56719,31708.49,10114.66527,161.4262977,605032.3094
Somalia,2015,100.0,2378789.0,1591.514012,2425.411,641.198737,54.84,20434.42085
South Sudan,2015,100.0,4243813.602,2207.040068,2421.782,2812.420659,0.04,50487.25764
Sudan,2015,100.0,12435280.6,14775.76219,3778.3,8240.993439,1106.386282,188203.482
Burkina Faso,2015,100.0,3998634.989,6759.17724,1836.327,1479.633526,45.42469414,154483.6506
Cabo Verde,2015,100.0,60119.0,82.82620327,28.228,181.628731,2.219899141,1419.219859
Chad,2015,100.0,5088134.433,5476.009175,3862.68,1361.598064,10.58432509,44221.83391
Gambia,2015,100.0,224695.8626,418.9005324,182.322,148.886276,2.683903948,1218.396629
Mali,2015,100.0,7274308.205,8651.297194,3705.863,1684.272476,79.69205246,205530.4952
Mauritania,2015,100.0,860799.0,1121.791488,322.984,1018.341933,18.88673904,9389.604444
Niger,2015,100.0,5127844.026,16934.46677,5302.128,1246.487087,11.38340633,34193.39489
Senegal,2015,100.0,2959997.837,3585.250905,1169.569,1735.217554,45.11013196,75263.34823
Angola,2015,100.0,5703755.634,5656.631795,5426.117,10158.39371,841.4071261,93100.58833
Comoros,2015,100.0,93689.0,106.483016,72.125,257.003067,0.262772892,162.6362245
Madagascar,2015,100.0,4972162.09,3937.132051,7992.409,1741.197587,35.67692892,65450.90211
Malawi,2015,100.0,6740913.66,4413.117061,5171.049,801.556435,70.6820613,203133.3216
Mauritius,2015,100.0,335706.8289,76.87956172,38.526,951.666818,9.476392015,30201.14687
Mozambique,2015,100.0,3363316.687,5749.501427,8098.735,1504.801201,260.5729394,51879.55672
Zambia,2015,100.0,3108313.362,2289.828921,3018.073,2008.729103,261.4432003,201323.6726
Zimbabwe,2015,100.0,2191373.832,2573.945319,4184.458,8379.154229,1154.468035,93807.25617
Botswana,2015,100.0,475340.6017,478.4119772,176.34,198.163193,144.5055185,20020.3567
Eswatini,2015,100.0,454859.0085,219.9534349,35.819,642.71341,62.81044548,1852.403872
Lesotho,2015,100.0,257597.0589,192.6091725,327.518,69.248429,59.52560272,2892.144685
Namibia,2015,100.0,515449.8695,983.0084246,171.537,1019.736839,144.6080278,17054.98667
South Africa,2015,100.0,21303876.33,14953.48855,909.999,21006.53709,3856.150667,806863.7742
Belize,2015,100.0,284089.8859,123.6068975,26.215,152.061026,63.51575493,34668.89832
Costa Rica,2015,100.0,4479077.721,677.4009931,261.853,7804.274422,324.0643112,207544.6257
El Salvador,2015,100.0,1540086.666,915.5286927,463.466,2725.55091,167.1313772,190664.6843
Guatemala,2015,100.0,8602402.674,2303.464798,1978.418,10734.25934,305.4861587,371304.3274
Honduras,2015,100.0,3299171.36,1668.569632,1083.775,3245.228001,248.615427,169133.5543
Mexico,2015,100.0,57165004.56,30991.03085,6885.463,14304.98388,11000.32,2472055.288
Nicaragua,2015,100.0,2551842.098,2007.946411,837.016,2201.506325,164.2167209,151834.4809
Panama,2015,100.0,1518356.784,814.2999714,264.472,1954.914882,440.8522718,58172.66645
Bahamas,2015,100.0,52819.62418,12.68557306,4.614,224.399959,4.794688112,2263.066707
Cuba,2015,100.0,4754910.171,3998.473575,930.978,3104.236744,3052.08,182901.2767
Dominican Republic,2015,100.0,4709604.432,1459.831737,418.585,6309.021487,75.93397897,163923.5967
Haiti,2015,100.0,1992497.704,1425.314993,1234.283,1478.259211,6.237213494,23250.77893
Jamaica,2015,100.0,781515.5114,241.0379528,215.226,768.73901,119.6321048,11025.36379
Lesser Antilles,2015,100.0,464161.4799,132.1056598,70.233,253.532442,141.6789554,6137.246335
Puerto Rico (USA),2015,100.0,386681.843,92.37651355,11.799,1505.044338,118.8476221,19357.12676
Trinidad and Tobago,2015,100.0,157330.076,51.59056262,22.493,39.898219,170.1418076,17231.9393
French Guiana (France),2015,100.0,47809.84159,23.02534972,12.0,31.68409332,18.512,139.2894119
Guyana,2015,100.0,652605.7781,572.2603025,43.666,502.48607,149.9212112,30397.00875
Suriname,2015,100.0,201998.8369,115.2975926,14.941,669.385503,47.98612563,15336.7426
Venezuela,2015,100.0,8501596.179,4502.414033,919.499,5634.098707,2070.024947,690713.631
Bolivia,2015,100.0,6645233.84,5921.342129,1329.743,4377.263502,263.2952759,135790.1027
Colombia,2015,100.0,23484812.95,6716.778222,3677.522,14576.55907,954.5027989,1355895.186
Ecuador,2015,100.0,12090416.33,4212.26772,1930.104,9159.8744,732.0445943,425996.8862
Peru,2015,100.0,15119462.95,8604.847458,4558.646,10023.31772,557.6600892,598660.0743
Brazil,2015,100.0,228750248.9,74619.65174,9722.0,212109.8387,43837.01111,14806545.25
Argentina,2015,100.0,71423350.03,42254.50808,1187.342417,59380.21729,10957.68618,1337062.838
Chile,2015,100.0,16472718.15,3224.346209,776.917,14985.18321,2258.173728,551371.1932
Paraguay,2015,100.0,8923628.354,5590.025835,609.345,3755.804779,1134.277018,436696.4347
Uruguay,2015,100.0,6298574.48,2888.236737,142.788,5732.851376,1462.278854,385805.5036
Japan,2015,100.0,29029707.64,5818.875193,2280.0,150302.3375,72703.06618,1100206.048
"Korea, Republic",2015,100.0,17035412.5,2079.249184,1373.47,58728.86844,19083.97017,846147.0772
Taiwan,2015,100.0,7968889.823,1000.980431,555.0,9052.327475,1054.12,339298.028
China,2015,100.0,976359798.9,192180.1949,219198.661,1152425.176,1519076.818,58096845.07
"Korea, DPR",2015,100.0,5648204.126,3372.443193,7074.493,3743.125278,2568.0,205645.9324
Mongolia,2015,100.0,2180848.0,7736.143901,348.411,3382.647014,204.7173359,161383.4463
Brunei Darussalam,2015,100.0,68852.27525,10.82631819,1.422,241.374179,3.205867589,4383.898821
Cambodia,2015,100.0,6926539.271,4322.028498,3607.436,2982.118892,914.5358713,175423.8901
Indonesia,2015,100.0,106164544.3,51183.90833,38936.567,173372.8109,4328.468628,7131261.572
Laos,2015,100.0,5119073.082,2117.118053,2281.855,1981.805267,158.3539366,56789.31241
Malaysia,2015,100.0,18922584.68,8581.314107,1753.9,65845.74694,3899.519367,2039502.195
Myanmar,2015,100.0,34215454.1,13915.30971,11216.9,9764.713995,5188.694768,620968.3885
Philippines,2015,100.0,34807941.09,12122.2834,11312.372,42618.2972,44876.18771,1017002.453
Thailand,2015,100.0,47931354.8,25422.28056,12271.911,70991.88693,36075.19005,2257056.842
Timor-Leste,2015,100.0,226684.625,260.6747452,196.432,416.165165,19.62712556,6407.506947
Vietnam,2015,100.0,58493606.31,14448.94673,24023.244,26089.26949,17261.9585,3418372.425
Fiji,2015,100.0,241377.2993,262.4353509,68.107,275.034359,372.4127573,12115.75751
New Caledonia (France),2015,100.0,51311.79509,25.71117581,2.401,190.058697,81.38,2282.298972
Papua New Guinea,2015,100.0,3666998.044,1010.747923,1410.443,3527.023541,101.5707216,45933.79256
Solomon Islands,2015,100.0,133595.639,105.4525441,120.082,277.529885,0.618879163,508.5346607
Vanuatu,2015,100.0,101589.8049,147.3758568,68.791,208.918064,4.146976956,1552.260494
Micronesia,2015,100.0,62083.63664,74.69911874,37.192,144.581397,8.20533494,716.3742981
Polynesia,2015,100.0,166488.7626,141.0712653,39.422,236.975672,32.9528878,3801.51509
Bangladesh,2015,100.0,41065911.12,18373.95859,26011.984,20596.17065,17820.28689,2586259.598
Bhutan,2015,100.0,272277.6526,194.6292582,197.192,249.938861,9.719629491,3441.63384
India,2015,100.0,382074682.2,294570.2121,204015.929,517983.3114,307316.8069,28981112.02
Nepal,2015,100.0,8893278.533,4860.856563,9578.203,3785.063554,1986.344939,237396.4271
Pakistan,2015,100.0,61102551.31,67022.61787,22669.347,94584.57829,24241.07739,4408224.569
Sri Lanka,2015,100.0,5143633.229,3444.889928,2244.547,12714.60198,2020.6045,432809.2804
Armenia,2015,100.0,2060242.219,892.0343388,378.953,484.960917,629.0392158,11932.30458
Azerbaijan,2015,100.0,4360571.096,4567.340467,1698.4,6202.834694,949.1833711,70224.30868
Georgia,2015,100.0,1180420.388,1227.577726,760.502,1204.287762,1098.954754,77637.0351
Bahrain,2015,100.0,157883.8277,11.1943273,8.252,107.184016,0.199876852,2408.837827
Cyprus,2015,100.0,506296.0237,187.3752976,20.544,1778.298746,477.8193878,31601.18261
Iran,2015,100.0,41660466.4,32778.64276,4067.461,37538.08411,11623.60256,1045067.676
Iraq,2015,100.0,3079625.621,11072.60814,1727.638,4890.619978,3606.800022,256192.0316
Israel,2015,100.0,4297492.866,860.2788832,36.328,6243.64258,1077.317004,83398.10509
West Bank and Gaza,2015,100.0,604629.0,329.0076116,79.227,1558.6775,251.6668734,825.9278107
Jordan,2015,100.0,2059838.581,502.6317032,58.399,2574.058872,293.0842916,27006.56412
Kuwait,2015,100.0,546673.4314,45.89584203,44.665,459.290337,2.916276537,18078.12769
Lebanon,2015,100.0,1845333.782,425.1571392,266.513,1758.934545,302.5253354,43858.04883
Oman,2015,100.0,836182.1304,249.7763807,103.851,774.548907,8.366058759,22134.34227
Qatar,2015,100.0,129919.3009,53.11360566,23.972,86.09891008,3.591424986,3211.346746
Saudi Arabia,2015,100.0,5211698.341,10333.65293,759.378,16089.03096,325.7822276,341570.1239
Syria,2015,100.0,6788915.213,8057.09454,594.015,4499.086715,3673.816,14559.25924
Turkey,2015,100.0,64724738.09,32756.15517,5454.983,100743.7819,47152.45543,2278463.507
United Arab Emirates,2015,100.0,1014550.806,224.4958072,130.382,3630.107847,2.456128893,34340.68687
Yemen,2015,100.0,2779602.0,3063.394888,1496.364,1842.071971,192.3934921,13435.52351
Afghanistan,2015,100.0,5725662.652,11529.77344,3827.155,6264.859774,12.27789878,160254.3863
Kyrgyzstan,2015,100.0,3205591.747,2501.42836,689.342,1121.57672,1069.59946,59699.92376
Tajikistan,2015,100.0,3086922.276,1695.141371,966.9488861,1671.119277,680.9097086,67377.94785
Turkmenistan,2015,100.0,4235552.903,4566.243664,903.5966751,2806.946205,2606.490118,595053.2233
Uzbekistan,2015,100.0,22717744.5,8828.815963,3604.08,15447.25862,7231.337522,1110987.296
Algeria,2015,100.0,13940606.38,18534.76178,1094.279,20715.68169,5144.547411,287028.9301
Egypt,2015,100.0,38107044.17,29606.13797,6397.0,27197.07157,5104.183757,1664755.924
Libya,2015,100.0,1785496.301,5098.436564,343.902,7321.262828,1072.001495,38401.18816
Morocco,2015,100.0,15551199.35,21721.38634,3924.915,21831.74956,2283.66751,492792.3055
Tunisia,2015,100.0,7127289.738,8317.912846,502.12,7636.034343,1863.72112,162885.9018
Belarus,2015,100.0,11250457.78,6070.055866,463.529,19190.21128,2285.985796,1301244.236
Kazakhstan,2015,100.0,14535171.55,48554.7712,1553.384,8847.376549,2140.435433,291695.0325
Moldova,2015,100.0,2318211.551,2133.604845,338.287,728.2011329,1773.140503,81425.07192
Russian Federation,2015,100.0,89638046.22,134560.9475,4852.766,110417.4316,12566.96663,3808890.771
Ukraine,2015,100.0,43647754.81,35639.70249,2508.8,23429.86565,15172.72181,1719813.683
Albania,2015,100.0,2076089.145,942.5202574,446.937,4117.764176,323.1702536,74174.55605
Bulgaria,2015,100.0,4971044.503,3845.659509,207.86,5399.375997,2877.526561,458742.3296
Czechia,2015,100.0,5739613.024,2645.590245,147.487,12711.29631,3219.261357,589748.7695
Slovakia,2015,100.0,2008620.707,1452.470217,77.05,12122.58566,1087.123823,198858.9886
Hungary,2015,100.0,9151768.159,4692.624274,205.989,22482.16731,5131.536694,548326.4394
Poland,2015,100.0,29585712.18,11686.08946,1937.1,22446.21303,83022.16688,2279115.493
Romania,2015,100.0,14142527.46,11435.84735,2185.206,30920.37193,8265.229196,1032343.607
Croatia,2015,100.0,2595444.32,993.0682965,147.02,6949.197823,1250.609156,189367.9542
Slovenia,2015,100.0,987729.2673,276.4637826,65.378,3858.93719,4411.943452,64962.5586
Bosnia and Herzegovina,2015,100.0,1411074.396,1227.494113,172.744,1068.099428,1307.584144,77168.00807
North Macedonia,2015,100.0,1311339.637,602.1256048,126.802,737.728206,2183.139235,36510.16797
Montenegro,2015,100.0,161395.5722,35.63060289,17.194,433.091244,5.187809356,7444.575331
Serbia,2015,100.0,6158144.548,2899.856557,619.146,7125.005216,16801.97581,328208.8729
Estonia,2015,100.0,1069469.77,707.6656141,20.28,2648.229654,891.0675914,105853.1215
Latvia,2015,100.0,1779518.41,1297.522938,77.87,5380.728036,2376.163336,146685.9064
Lithuania,2015,100.0,3495833.194,2282.145915,150.8,5606.978043,4561.235235,308949.2082
Finland,2015,100.0,3236793.118,2248.288002,102.558,22050.46569,6437.977719,252440.9648
Iceland,2015,100.0,214179.0756,285.8920154,7.762,2167.850212,460.3611691,24232.08594
Norway,2015,100.0,8662020.243,826.8090792,52.962,23938.12132,3725.827272,212169.3922
Sweden,2015,100.0,4894190.095,2621.037978,97.874,48389.53195,5950.88497,319432.5309
Greece,2015,100.0,12121978.32,5044.445945,465.703,17157.5847,11248.80302,339830.456
Italy,2015,100.0,40675341.48,13386.20808,842.84,175804.4968,45456.39082,1305754.786
Malta,2015,100.0,127886.7161,14.31402367,5.04,223.114342,98.57721142,5707.444106
Portugal,2015,100.0,6728692.369,2527.098875,258.28,17599.45354,7815.855979,220121.095
Spain,2015,100.0,49686737.62,21886.68984,736.759,102336.5515,29007.01685,2254210.729
Austria,2015,100.0,6106297.986,1564.207136,187.959,51122.57734,11623.62932,284004.9267
Belgium,2015,100.0,9341609.554,903.0695152,57.12,10332.73155,3462.244226,401203.103
Luxembourg,2015,100.0,276297.0,70.6518696,2.455,2428.117718,245.6629452,22675.70227
Denmark,2015,100.0,9819096.247,2463.684779,67.292,31895.80435,3162.498428,491961.0988
France,2015,100.0,61743714.0,21098.52232,708.615,130434.0166,42938.02217,3904645.345
Germany,2015,100.0,53096303.99,12680.99923,560.507,170648.778,31701.35602,3158188.974
Ireland,2015,100.0,7320304.232,828.4207042,163.63,11280.48512,6078.654339,789171.4307
Netherlands,2015,100.0,18052679.25,1295.702146,177.983,58417.87443,5370.444117,589882.2361
Switzerland,2015,100.0,3921037.607,541.3113567,151.89,52981.12363,4249.948069,133068.7627
United Kingdom,2015,100.0,29168578.24,7145.590847,352.735,68141.94191,15603.64875,1987787.577
Australia,2015,100.0,42293357.26,64247.88918,311.3,104568.4158,15909.2297,2696774.083
New Zealand,2015,100.0,17568484.53,2378.119861,143.3,15646.7163,3783.641435,945231.6677
Canada,2015,100.0,46049377.96,42561.57893,294.937,39231.55544,35250.36,4172098.5
United States,2015,100.0,352330463.2,232283.81,2422.916667,640050.0,171608.2552,22463328.49
Nigeria,2016,99.0,58194423.4,59149.17563,18780.584,164727.4867,775.5011698,602116.6233
Benin,2016,104.0,3726762.969,3388.197513,1740.254,1008.804756,10.29440531,41187.72524
C?te d'Ivoire,2016,97.0,10648266.53,11945.19786,3171.288,7297.990292,400.417432,148922.1562
Ghana,2016,101.0,11747036.08,7333.105044,3847.516,15875.69442,83.75337019,123127.1768
Guinea,2016,100.0,3971165.535,5676.030084,2428.256,1798.419452,292.9035339,15657.92048
Guinea-Bissau,2016,97.0,461475.3009,640.8519324,444.884,195.050142,1.109028632,7509.192017
Liberia,2016,97.0,628916.0171,880.720054,868.6,521.352085,18.80023207,5767.589112
Sierra Leone,2016,96.0,1636653.557,1871.929103,1352.388,1126.785274,5.135932621,5415.412881
Togo,2016,97.0,1330886.548,2254.642974,908.775,603.238634,4.622407409,54101.65666
Cameroon,2016,101.0,9651018.648,6881.478416,4584.856,3934.640778,20.97469616,95829.51702
Central African Republic,2016,102.0,1442203.319,1060.065704,1239.155,673.615316,2.116773345,22913.84253
Congo DR,2016,99.0,10746942.3,12633.45887,16991.571,6408.667795,124.8502464,35205.30752
Congo Republic,2016,99.0,636018.9449,517.0408533,621.032,949.674675,42.15184275,3243.988241
Equatorial Guinea,2016,99.0,85450.45128,97.95734809,168.211,299.754391,10.97137047,147.7555197
Gabon,2016,99.0,487341.3538,313.8699032,166.555,863.842663,86.82698514,13884.80627
Sao Tome and Principe,2016,134.0,39993.0,59.05147632,12.117,38.755541,4.993470651,534.1719156
Burundi,2016,101.0,1928595.12,1516.072294,3826.102,411.91086,10.31686637,27702.37342
Kenya,2016,95.0,11712812.5,6425.156991,11957.521,9916.57219,860.8442768,348234.1425
Rwanda,2016,98.0,2688252.535,2286.332945,3799.18,1039.403497,2.40083087,38685.6419
Tanzania,2016,92.0,14830347.71,16692.43042,16144.183,4359.630318,1089.460658,213090.5779
Uganda,2016,91.0,8056567.254,6514.881497,10419.256,4267.073876,306.7482236,85409.5325
Djibouti,2016,135.0,71341.0,39.60010365,94.666,15.845464,0.24,624.452433
Eritrea,2016,98.0,391958.0,768.1446161,937.042,415.9428,26.4983942,8026.137744
Ethiopia,2016,99.0,19993010.33,17905.64119,32390.138,11419.51887,164.4554388,602483.0277
Somalia,2016,98.0,2265528.0,1426.053012,2503.894,644.232004,54.84,20281.22061
South Sudan,2016,102.0,4300145.602,2090.648721,2458.103,2849.752478,0.04,50606.42089
Sudan,2016,95.0,14231023.51,21646.61519,3805.432,9431.051473,1170.267386,283520.6384
Burkina Faso,2016,97.0,4154040.726,7324.97724,1852.649,1581.528622,45.46235671,188766.5332
Cabo Verde,2016,98.0,59665.0,83.14020327,27.769,187.9672,2.186443439,1431.20969
Chad,2016,102.0,5581397.628,6044.492175,4011.344,1469.989311,11.06390528,46995.92753
Gambia,2016,94.0,211766.8626,394.9485324,185.953,153.673561,2.771173067,1255.22558
Mali,2016,104.0,8321846.978,9311.809194,3950.736,1894.396797,85.9313037,249092.5817
Mauritania,2016,98.0,870834.0,1134.363488,328.124,1084.430785,19.40695971,9668.848504
Niger,2016,104.0,5508008.026,18269.51289,5485.656,1240.310907,11.85236505,35456.54587
Senegal,2016,94.0,2684127.328,2936.407905,1175.371,1853.947924,44.53222118,90882.94219
Angola,2016,95.0,5815284.706,6794.60917,5624.475,10623.17859,889.4644641,89729.65981
Comoros,2016,97.0,95443.0,118.778016,72.682,262.292031,0.268842362,164.7430644
Madagascar,2016,101.0,5061635.385,3951.607051,8155.716,1777.502152,36.40796076,61563.3767
Malawi,2016,99.0,6588576.624,4332.345061,5326.89,822.482312,72.1143619,140146.9309
Mauritius,2016,101.0,326866.8005,75.42656172,37.294,944.204329,9.245408205,29619.15216
Mozambique,2016,96.0,3377513.501,6045.662663,8289.215,1611.786794,267.4101745,56013.0109
Zambia,2016,102.0,3389268.844,2762.802921,3044.403,2033.755011,269.2047345,199804.7015
Zimbabwe,2016,95.0,2149849.802,2673.109249,4237.443,8209.548835,1174.073488,146856.7365
Botswana,2016,91.0,447655.4513,527.4786148,175.82,210.983374,152.2569628,14865.88632
Eswatini,2016,101.0,436225.0085,180.5484349,36.025,655.792831,63.02782473,1867.358616
Lesotho,2016,110.0,239329.5465,107.8281725,325.596,75.023278,54.06673693,2724.611932
Namibia,2016,102.0,511725.6619,961.3244246,138.0,1045.446659,117.9041128,26723.01588
South Africa,2016,98.0,20326709.74,14953.48855,903.402,20886.68734,3962.210667,741630.5107
Belize,2016,84.0,248532.45,123.6068975,28.319,152.88173,67.84295872,37386.89919
Costa Rica,2016,102.0,4647018.116,702.7942725,253.751,8060.408931,317.3600132,183117.1744
El Salvador,2016,105.0,1647586.92,916.5249531,487.324,2744.110988,175.6034527,170660.5111
Guatemala,2016,102.0,8766327.62,2303.464798,1891.364,10963.85971,293.7994115,342259.5915
Honduras,2016,103.0,3471089.053,1670.028773,1048.47,3323.031298,242.7473162,202346.4875
Mexico,2016,103.0,60323823.22,30660.47435,6852.792,14678.15635,11181.78,2718594.199
Nicaragua,2016,103.0,2668589.478,2007.946411,844.92,2270.082504,166.6395764,141328.3683
Panama,2016,98.0,1521733.089,814.2999714,283.812,2041.149859,471.2742261,42314.10731
Bahamas,2016,97.0,52289.23162,12.68557306,4.545,227.582842,4.719332375,2941.301541
Cuba,2016,103.0,4904546.364,3954.11755,916.887,3172.862377,3052.08,151394.4177
Dominican Republic,2016,102.0,4939614.301,1459.831737,394.281,6649.158492,72.7704585,195872.8673
Haiti,2016,97.0,1938405.81,1425.314993,1249.248,1477.026081,6.28365566,23601.74407
Jamaica,2016,109.0,836553.8908,241.0379528,208.675,698.327126,116.4872215,13384.02413
Lesser Antilles,2016,101.0,464623.0647,131.1669479,70.015,254.149422,141.6789554,5535.241797
Puerto Rico (USA),2016,101.0,383765.843,89.42589027,11.194,1501.507494,112.8798558,19653.36616
Trinidad and Tobago,2016,107.0,178099.7539,51.59056262,21.046,45.122067,159.0085767,17533.19193
French Guiana (France),2016,101.0,48782.33939,22.75810596,12.0,32.32857801,18.272,137.6104315
Guyana,2016,89.0,573878.8648,582.2364798,43.343,506.918059,152.5293697,25994.65975
Suriname,2016,100.0,205689.7768,115.9236089,16.198,675.965643,49.85097517,16092.87837
Venezuela,2016,98.0,7861334.771,4502.414033,913.093,5209.790625,2064.474848,621836.868
Bolivia,2016,95.0,6592853.767,5945.342129,1454.867,4720.484726,286.3864042,131078.8856
Colombia,2016,102.0,23931004.9,6829.989612,3716.778,14959.68581,966.9855848,1298173.938
Ecuador,2016,89.0,11284833.18,4104.886338,2067.278,9366.611788,771.1888053,483599.1375
Peru,2016,102.0,15497259.95,8631.847458,4662.635,10487.07876,574.4958607,567513.4825
Brazil,2016,97.0,222683198.1,75190.04598,9200.0,213116.0995,44063.71111,16738914.97
Argentina,2016,92.0,69074014.4,40856.06964,1023.568303,61030.3947,11078.91172,2004055.464
Chile,2016,98.0,16132116.39,3181.146209,795.85,15011.76112,2302.122299,543085.9847
Paraguay,2016,96.0,9168599.726,5386.025835,674.421,3862.284671,1240.689136,480109.4474
Uruguay,2016,99.0,6001259.204,2689.173681,132.698,5926.136834,1371.698615,393913.7126
Japan,2016,101.0,28936222.86,5786.303544,2220.0,142627.3197,73646.87092,1152204.865
"Korea, Republic",2016,102.0,16998737.44,2040.884712,1307.184,59430.53907,18585.97253,850204.5955
Taiwan,2016,97.0,7679070.447,996.9201849,557.0,9107.06906,1086.776,312439.3184
China,2016,101.0,987255610.7,192487.07,214968.457,1221573.394,1322169.952,54007726.71
"Korea, DPR",2016,98.0,5651294.647,3372.443193,7025.211,3745.1734,2568.0,248804.9372
Mongolia,2016,93.0,2085264.0,7724.709922,360.131,3654.199635,207.2819982,176890.5592
Brunei Darussalam,2016,91.0,71202.15972,10.82631819,1.934,251.460326,3.781746,4491.927675
Cambodia,2016,110.0,7446698.5,4322.028498,3320.515,3191.651731,933.13507,143384.5879
Indonesia,2016,101.0,109213617.8,54083.90833,38034.912,181165.4249,4573.994865,6609097.593
Laos,2016,99.0,5195711.477,2126.627857,2299.565,2119.728434,172.7056765,59715.13142
Malaysia,2016,96.0,17663011.63,8582.344107,1609.9,69238.27686,3855.777238,2033354.464
Myanmar,2016,99.0,34596776.07,13930.08354,11158.72324,10569.98958,5496.594428,771791.5231
Philippines,2016,99.0,34502155.34,12201.53177,11063.69675,44263.88902,46714.18356,1090358.782
Thailand,2016,105.0,49798199.58,25422.28056,11746.615,72230.59512,36582.83453,2305651.759
Timor-Leste,2016,96.0,218775.4656,260.6747452,191.295,427.044655,19.53612264,6577.036946
Vietnam,2016,100.0,58853880.46,14473.34673,22952.738,28793.66528,18040.5065,3325889.616
Fiji,2016,78.0,183171.6002,262.4353509,65.097,277.984975,379.1774371,10907.37511
New Caledonia (France),2016,95.0,48938.05986,25.71117581,2.343,194.634777,80.86,2211.554282
Papua New Guinea,2016,98.0,3710902.091,1010.747923,1424.168,3799.67783,105.566933,48784.92073
Solomon Islands,2016,104.0,134125.9628,106.4525441,121.456,288.989605,0.629808619,504.7072218
Vanuatu,2016,96.0,102326.2561,147.3758568,69.45,217.213107,4.241944732,1574.712803
Micronesia,2016,102.0,63951.02957,74.69911874,37.191,147.961422,8.20533494,738.2976241
Polynesia,2016,97.0,160772.5172,141.0023967,37.478,240.855713,32.9528878,3647.699092
Bangladesh,2016,98.0,41272535.16,18405.92859,25995.471,21795.61869,19481.05198,2555027.474
Bhutan,2016,108.0,296109.9881,188.0292582,199.705,268.024257,10.64790011,3470.411698
India,2016,104.0,398668934.0,294763.5778,202620.709,542854.3312,336924.6412,28197845.65
Nepal,2016,100.0,9102636.2,4860.856563,9793.846,3854.386711,2011.681825,249760.9442
Pakistan,2016,96.0,63223413.86,67614.61787,24996.538,97060.36646,26551.38113,5828254.652
Sri Lanka,2016,101.0,5040490.438,3460.223261,2153.874,13357.41666,2062.50741,249072.0836
Armenia,2016,159.0,1864764.806,884.9857824,338.055,106.646085,630.4292611,12666.45655
Azerbaijan,2016,105.0,4529059.484,4638.141751,1729.6,5819.543049,970.4598914,79007.63923
Georgia,2016,96.0,1129693.997,1203.868162,749.978,1221.687929,1051.670466,74633.1376
Bahrain,2016,106.0,188574.2833,11.1943273,8.383,111.445227,0.197074165,2710.597365
Cyprus,2016,103.0,493147.4487,170.0047332,19.127,1747.262776,472.1524595,34967.22472
Iran,2016,98.0,42932093.15,32778.64276,4182.691,38292.82263,12375.07451,1362495.178
Iraq,2016,94.0,3098309.512,11072.60814,1729.585,4904.255624,4011.595527,302622.8579
Israel,2016,99.0,4372654.515,892.9751916,37.136,6192.054903,1075.278802,93665.34641
West Bank and Gaza,2016,114.0,721654.0,352.5836745,68.372,1614.59153,271.8900198,992.4840328
Jordan,2016,99.0,2134975.696,515.541047,57.173,2658.379544,304.1204684,22864.74389
Kuwait,2016,111.0,619202.9767,46.49584203,44.517,583.952877,3.093794461,19034.06437
Lebanon,2016,105.0,1983373.782,420.2831235,267.921,1797.753835,297.996556,40285.15427
Oman,2016,105.0,901052.1062,254.65205,107.277,719.932046,8.530532675,27112.68905
Qatar,2016,79.0,108912.3009,52.31360566,24.416,72.17734652,3.310475885,4719.360659
Saudi Arabia,2016,104.0,5536752.31,10323.65293,638.124,16675.45031,346.7630331,337840.3866
Syria,2016,101.0,6629051.213,8057.09454,558.745,4393.143133,3204.3924,9954.271379
Turkey,2016,99.0,64865405.03,32533.15517,5361.176,103309.5935,47338.46683,2884471.647
United Arab Emirates,2016,110.0,1117391.971,227.1204791,117.377,3777.252077,2.641520935,34488.66972
Yemen,2016,84.0,2574650.0,3016.594888,1546.19,1706.248089,160.6257709,32134.28099
Afghanistan,2016,100.0,6107996.712,11529.77344,3886.237,6168.473473,12.30274321,192586.1282
Kyrgyzstan,2016,104.0,3282746.536,2509.071259,633.301,1103.390237,1082.278523,64932.68944
Tajikistan,2016,99.0,3095097.745,1691.246133,964.4002122,1686.573625,682.9127493,66290.52892
Turkmenistan,2016,101.0,4105230.023,4566.243664,880.3437789,2720.579839,2625.935519,512137.3802
Uzbekistan,2016,97.0,23556803.6,8828.530088,3634.203,17011.79346,7282.640713,1197231.617
Algeria,2016,105.0,14329535.73,18488.73281,1123.712,22189.01115,5109.297199,236433.7889
Egypt,2016,98.0,37610521.22,29167.7654,6478.0,28172.44784,5046.983883,1616076.177
Libya,2016,101.0,1798486.301,5098.436564,339.978,7253.366711,1039.136057,38753.90351
Morocco,2016,80.0,13296598.07,22998.54286,3841.867,22910.83751,2315.975145,412533.021
Tunisia,2016,82.0,5988324.249,8352.82853,503.248,7789.532672,1898.850917,183751.7437
Belarus,2016,106.0,11147781.4,6070.195544,464.89,17847.6352,2276.624212,1030042.742
Kazakhstan,2016,108.0,15587443.92,48590.34341,1383.4,8688.382383,2144.09315,314833.9974
Moldova,2016,102.0,2732257.754,2135.407088,363.356,858.2621334,1790.863069,110175.016
Russian Federation,2016,99.0,91828735.47,134560.9475,4863.16,112970.5181,12557.17249,4315462.236
Ukraine,2016,106.0,46016183.71,35645.79666,2539.1,23327.90976,15249.24475,2021135.721
Albania,2016,101.0,2141172.594,949.9772433,451.686,4203.027025,328.7476236,75969.48672
Bulgaria,2016,102.0,5174633.125,3844.775352,203.74,5455.974545,2948.299481,577934.4142
Czechia,2016,104.0,5999659.104,2654.581018,149.078,13279.36427,3176.391025,517889.8566
Slovakia,2016,113.0,2371274.216,1450.761574,71.935,12416.18447,1051.613313,216074.6754
Hungary,2016,107.0,9986552.84,4703.802768,219.14,22812.24679,5102.439346,571606.4364
Poland,2016,109.0,31184250.12,11652.42209,1675.8,21673.30478,82920.89402,2420177.964
Romania,2016,106.0,14839825.12,11220.22855,1955.476,30526.06627,8320.314001,1152395.961
Croatia,2016,108.0,2920625.379,1019.141993,121.783,6824.460749,1302.373375,222478.6126
Slovenia,2016,106.0,977479.9813,276.7781963,46.352,3917.789261,4428.580221,63084.60718
Bosnia and Herzegovina,2016,107.0,1593015.475,1233.319219,180.459,1074.125073,1320.34485,82992.41265
North Macedonia,2016,100.0,1329219.173,605.1256048,120.741,717.149338,2210.981023,38163.35673
Montenegro,2016,108.0,178925.98,38.46243657,17.404,450.379794,5.444986745,7868.452313
Serbia,2016,112.0,7004749.458,2906.326712,631.455,7102.43076,16979.36835,371616.2065
Estonia,2016,87.0,880406.5097,727.630743,20.3,2728.193369,923.4901951,97165.91801
Latvia,2016,93.0,1726607.008,1355.798746,76.25,5647.196391,2505.988915,208377.3292
Lithuania,2016,92.0,3266201.644,2250.636502,148.8,5899.626662,4531.439996,311023.6042
Finland,2016,102.0,3231350.492,2251.50348,94.292,21834.31036,6321.787152,254339.7245
Iceland,2016,118.0,253358.5955,285.8920154,7.404,2173.355475,457.0167094,23920.49626
Norway,2016,98.0,8427368.984,824.7690861,54.952,24009.05239,3647.674612,210499.6072
Sweden,2016,99.0,4708671.522,2611.696436,91.982,48751.83873,5866.570401,339580.2481
Greece,2016,98.0,11646468.1,5013.149988,454.52,16899.49855,11232.46001,346883.2378
Italy,2016,97.0,40441983.16,13504.06772,884.0,171337.2867,44554.36308,1295986.668
Malta,2016,102.0,126045.0565,13.92921105,5.04,228.880016,98.98932774,3768.386662
Portugal,2016,94.0,6189235.443,2452.502537,251.03,17448.86801,7827.04332,215867.3812
Spain,2016,104.0,52980817.18,21717.12682,774.604,104488.0962,28844.93237,2355313.416
Austria,2016,100.0,6309060.825,1557.723869,183.503,50973.56313,11485.69426,297172.174
Belgium,2016,97.0,8950162.124,924.1415594,55.35,10462.60327,3426.399557,393843.894
Luxembourg,2016,100.0,274018.0,69.72070364,2.378,2425.557452,242.5046484,23753.51416
Denmark,2016,97.0,9588628.343,2481.554843,63.841,31143.51242,3044.203456,491635.9991
France,2016,97.0,57894396.97,20980.50217,751.496,125369.7251,42494.25902,3873128.967
Germany,2016,102.0,52314412.38,12593.59654,539.863,169075.0123,31223.91432,3077357.772
Ireland,2016,101.0,7515677.216,838.5866188,160.7,11328.63285,5988.345833,836479.0613
Netherlands,2016,104.0,18607825.1,1282.052659,175.122,58177.20694,5315.322014,618311.8809
Switzerland,2016,100.0,3864229.819,541.0950594,150.798,51913.52417,4243.684258,133931.8969
United Kingdom,2016,95.0,28173875.7,7182.032401,354.366,70025.44727,15408.66167,2012954.071
Australia,2016,100.0,42021422.36,62805.31164,314.2,102465.9482,15749.10051,2787968.656
New Zealand,2016,96.0,17555298.1,2432.018197,163.75,16190.33704,3875.1949,974097.658
Canada,2016,101.0,49688098.28,42791.43995,352.2,38284.42886,35531.12,3993839.753
United States,2016,105.0,381464871.0,232906.7961,2459.333333,657371.5677,170393.5774,23139262.65
Nigeria,2017,96.0,58862111.63,60998.80413,19105.329,171521.7415,773.8744212,919788.673
Benin,2017,112.0,3968848.528,3720.393513,1764.485,1054.674241,10.52856622,13828.00989
C?te d'Ivoire,2017,103.0,11647919.38,12831.21086,3080.982,7578.134874,403.7529587,148815.0063
Ghana,2017,101.0,12563541.55,7819.566046,3838.592,16569.61572,82.95869836,197973.6908
Guinea,2017,88.0,4205279.616,5877.297084,2466.947,2573.684497,297.8148051,40012.41446
Guinea-Bissau,2017,94.0,460732.7521,635.8117722,453.109,210.969801,1.133991174,7469.6947
Liberia,2017,92.0,562377.6188,680.596155,882.912,559.776987,18.72577384,6073.047474
Sierra Leone,2017,95.0,1676826.557,1868.198103,1366.612,1186.183088,5.188655481,6495.452976
Togo,2017,103.0,1382313.371,2324.678974,863.576,617.681089,4.689331715,34306.10966
Cameroon,2017,98.0,9570565.648,6898.385416,4642.965,4166.017741,21.19637176,102303.5568
Central African Republic,2017,105.0,1466856.319,1066.032704,1249.393,652.444593,2.137830426,22865.78404
Congo DR,2017,102.0,11333834.27,13278.80287,17461.197,6469.696206,127.6744873,38702.98487
Congo Republic,2017,118.0,645071.2191,520.1468533,635.81,562.403718,43.23125979,3366.579804
Equatorial Guinea,2017,100.0,87312.45128,98.74034809,176.172,299.256322,11.26863674,148.7140164
Gabon,2017,96.0,498670.3538,324.525071,169.858,885.105058,88.54583834,23230.27405
Sao Tome and Principe,2017,138.0,42472.0,64.47347632,12.041,38.497638,5.037264384,602.0118384
Burundi,2017,93.0,1979664.225,1883.156294,3962.811,423.432982,10.70738645,32730.80925
Kenya,2017,90.0,11620685.38,6101.332991,12175.601,11186.03941,873.9376322,419281.2761
Rwanda,2017,106.0,3044502.397,2172.995945,3841.315,1171.827199,2.466980887,50285.68992
Tanzania,2017,93.0,15346577.1,16983.08742,16523.495,4619.731371,1117.267119,216604.0622
Uganda,2017,90.0,8536129.818,7177.219497,10910.349,4570.677765,318.5441847,87837.53533
Djibouti,2017,136.0,76492.0,39.63010365,93.734,17.610809,0.24,624.0503313
Eritrea,2017,97.0,396320.0,768.4406161,953.785,446.341375,26.94354577,7873.645826
Ethiopia,2017,94.0,20063314.94,18059.91519,33093.469,12637.37,167.5824393,731042.2174
Somalia,2017,96.0,2268169.0,1489.708012,2589.795,648.471427,54.84,19648.37076
South Sudan,2017,104.0,4406788.602,2084.509258,2478.889,2920.425934,0.04,50687.37319
Sudan,2017,100.0,13835219.77,18876.47619,3838.47,9168.748099,1167.869881,168035.2712
Burkina Faso,2017,90.0,3932034.292,7518.75724,1862.392,1690.034589,45.39601512,168369.4824
Cabo Verde,2017,92.0,54979.0,82.18620327,27.341,191.78559,2.148886531,1130.797397
Chad,2017,98.0,5500978.8,5733.443175,4153.543,1614.9812,11.33288526,49529.19142
Gambia,2017,89.0,200828.8626,373.0895324,188.408,158.366108,2.799701558,1157.904279
Mali,2017,100.0,8248332.554,9632.868194,3933.383,2129.339312,87.56123299,191813.8137
Mauritania,2017,98.0,880354.0,1070.993488,332.071,1153.08762,19.80109525,9521.537788
Niger,2017,104.0,5642611.53,19100.33323,5682.22,1235.540897,12.30468729,36832.115
Senegal,2017,110.0,3589289.375,3929.220905,1180.306,2005.770957,44.64354127,99936.37303
Angola,2017,91.0,5879696.084,6979.8637,5812.33,11157.87562,927.9235547,109547.7197
Comoros,2017,95.0,93807.0,117.699016,73.188,268.152809,0.274070627,164.8995023
Madagascar,2017,97.0,4987680.309,3852.648051,8342.957,1812.959405,36.84275793,83156.70552
Malawi,2017,110.0,7767787.037,4506.734061,5481.021,849.081149,73.46460606,186983.5497
Mauritius,2017,101.0,329625.9392,74.23556172,36.484,933.208612,9.054959131,35384.36036
Mozambique,2017,105.0,3865552.207,6135.198378,8500.033,1747.687523,272.8981675,60015.12027
Zambia,2017,116.0,4036942.474,3141.897921,3086.585,2011.862127,275.8967637,221089.1855
Zimbabwe,2017,102.0,2300538.048,2566.121493,4283.233,8084.653119,1179.524463,160355.6817
Botswana,2017,91.0,436033.6017,505.9421549,176.382,220.745666,149.9232337,10642.96779
Eswatini,2017,97.0,446354.0085,222.6814349,35.883,664.560972,63.25277003,1879.326035
Lesotho,2017,92.0,291781.1219,290.0131725,327.68,78.271591,61.91716317,2294.920878
Namibia,2017,106.0,548263.2912,1001.810425,151.487,1028.130669,129.5061544,25737.01535
South Africa,2017,104.0,22260463.16,14953.48855,874.329,20676.73865,4034.490667,928385.2513
Belize,2017,88.0,265267.9874,125.6068975,27.389,153.675112,65.92169602,31071.20369
Costa Rica,2017,102.0,4805283.686,711.8138552,270.032,8339.232303,335.9047316,215018.991
El Salvador,2017,104.0,1646372.836,917.5212134,487.267,2747.471422,175.6317227,208608.3108
Guatemala,2017,94.0,8529299.538,2303.464798,2118.036,11228.56866,325.3541083,428390.7353
Honduras,2017,108.0,3826848.853,1701.041239,1291.303,3414.682354,294.5487419,222924.3855
Mexico,2017,107.0,63122979.82,29251.78143,6984.796,15066.1775,11400.88,2820004.777
Nicaragua,2017,110.0,2931083.3,2007.946411,854.484,2352.971038,168.7706432,187762.7838
Panama,2017,99.0,1562114.125,814.2999714,269.826,2115.720967,452.2952691,50052.56049
Bahamas,2017,96.0,52527.48104,12.68557306,4.677,229.9716,4.777819677,3365.465252
Cuba,2017,101.0,4971652.318,4043.232162,903.068,3220.761598,3052.08,175927.8013
Dominican Republic,2017,101.0,5087518.184,1459.831737,436.373,6950.205727,77.27820718,191561.843
Haiti,2017,95.0,1899196.12,1425.314993,1264.655,1486.163447,6.330401904,23506.43881
Jamaica,2017,106.0,823656.7746,241.0379528,218.965,706.330327,121.677702,14290.16609
Lesser Antilles,2017,99.0,454941.5434,128.567869,68.674,252.703026,141.6789554,5272.451543
Puerto Rico (USA),2017,101.0,378857.843,86.47526699,10.654,1501.411018,107.1958071,19577.06937
Trinidad and Tobago,2017,105.0,186254.6141,51.59056262,20.568,50.598148,155.3206314,17335.18382
French Guiana (France),2017,103.0,50515.56462,22.98406164,12.0,33.47720491,18.272,138.6569768
Guyana,2017,93.0,605291.1497,582.5107388,42.567,512.960997,152.1784487,19134.79794
Suriname,2017,103.0,213219.9126,111.0455601,16.213,691.099125,50.04179133,17196.64892
Venezuela,2017,98.0,7586069.047,4502.414033,898.078,5027.369086,2032.892462,547795.1655
Bolivia,2017,90.0,6558367.975,5748.342129,1554.617,5136.594711,303.4257394,141758.2122
Colombia,2017,118.0,28077327.91,6545.101591,3896.978,15472.15345,1011.227471,1240160.791
Ecuador,2017,90.0,11535866.19,4154.630798,2211.953,9543.840497,821.5446117,434826.3377
Peru,2017,98.0,15899903.61,8706.947458,4777.081,10924.27275,587.8227929,658989.7371
Brazil,2017,106.0,240322089.9,75759.24021,8625.999504,212836.6013,44322.27111,16958339.13
Argentina,2017,96.0,72538495.96,39457.63119,1044.979387,62256.96536,11349.58912,1834450.178
Chile,2017,100.0,16547849.6,3196.346209,792.732,15062.59537,2294.381387,547720.3914
Paraguay,2017,118.0,9925887.55,5375.025835,655.609,3965.42902,1214.432039,297123.8565
Uruguay,2017,101.0,6516080.131,2647.077743,140.81,6055.596585,1451.323347,464674.7316
Japan,2017,101.0,28955967.17,5751.731895,2210.0,144015.851,74425.22375,1177435.988
"Korea, Republic",2017,103.0,17055485.18,2006.452401,1318.842,59819.61484,18636.25215,875967.2448
Taiwan,2017,101.0,8013111.902,995.9201849,556.5,9251.538747,519.04,293781.9646
China,2017,103.0,1004379569.0,193140.3316,209448.263,1281507.237,1343076.818,51600747.11
"Korea, DPR",2017,96.0,5500014.102,3372.443193,7083.311,3644.918164,2568.0,240993.5151
Mongolia,2017,92.0,2111978.0,7718.465227,352.218,3762.969625,214.6844133,199214.5553
Brunei Darussalam,2017,83.0,73504.8965,10.82631819,2.619,260.526547,4.728209101,4315.621435
Cambodia,2017,112.0,7968581.793,4322.028498,3452.862,3399.83773,978.5635992,217671.0556
Indonesia,2017,111.0,123730040.4,56183.90833,37804.198,189654.0192,4891.428486,7880963.23
Laos,2017,92.0,4850298.818,2085.503674,2304.984,2246.681846,184.9639523,61537.38454
Malaysia,2017,101.0,19168532.73,8582.344107,1635.0,73153.48448,4065.459507,2311129.811
Myanmar,2017,99.0,35104817.83,14043.51949,11105.8,11364.43147,5907.91483,928230.6298
Philippines,2017,105.0,36006462.58,12221.81935,10260.86912,46095.47482,47650.12357,1180844.828
Thailand,2017,107.0,50590777.74,25422.28056,11783.27,73472.17119,38756.54346,2303956.815
Timor-Leste,2017,95.0,216051.6161,260.6747452,201.41,431.504541,16.70934592,5999.686952
Vietnam,2017,103.0,60583965.88,14469.94673,22250.165,31627.25397,19209.79742,3361793.558
Fiji,2017,105.0,248160.4281,262.4353509,63.248,284.859873,401.4605432,12060.05022
New Caledonia (France),2017,93.0,47530.6171,25.71117581,2.294,197.701823,80.86,2209.037911
Papua New Guinea,2017,97.0,3763987.641,1010.747923,1437.702,4078.379795,109.2055673,52281.29219
Solomon Islands,2017,94.0,134356.2367,109.4525441,122.534,301.550714,0.645280578,509.7770703
Vanuatu,2017,95.0,102578.5838,147.3758568,70.239,226.96774,4.426273219,1604.21933
Micronesia,2017,102.0,64115.58988,74.69911874,37.186,151.499186,8.20533494,746.516993
Polynesia,2017,98.0,162287.6569,140.8723967,36.87,245.871368,32.9528878,3829.779318
Bangladesh,2017,103.0,44308027.1,18487.93748,26189.98,23076.91717,21456.54748,2613574.204
Bhutan,2017,108.0,297180.5538,182.0292582,202.219,291.250883,11.29664582,3343.230286
India,2017,110.0,423426755.4,295053.0,201362.524,569930.7548,357949.7721,28862941.06
Nepal,2017,103.0,9526820.356,4860.856563,9963.643,4002.118582,2255.097307,278731.8988
Pakistan,2017,112.0,71687634.1,67823.61787,23684.618,99897.23959,27188.57553,5637491.254
Sri Lanka,2017,85.0,4185224.041,3477.534372,2140.185,14136.2921,2075.064143,214364.6866
Armenia,2017,164.0,1845705.977,878.1775308,317.111,105.883332,640.113154,14445.38456
Azerbaijan,2017,111.0,4793096.717,4748.499975,1752.864,5462.697093,1012.661146,87248.87231
Georgia,2017,91.0,1032897.75,1194.668162,735.921,1230.380643,1039.070474,71953.92426
Bahrain,2017,96.0,185386.4254,11.1943273,8.612,115.864583,0.192669466,2982.682161
Cyprus,2017,108.0,519173.1668,181.7744382,13.739,1709.320396,466.5853977,33574.89741
Iran,2017,91.0,41409179.2,33259.64276,4237.878,39003.90197,12496.50668,1479396.577
Iraq,2017,94.0,3005226.936,11072.60814,1644.311,5232.207276,3916.763528,247202.1014
Israel,2017,91.0,4382825.467,983.9991016,37.383,6191.528742,1466.883776,103288.0619
West Bank and Gaza,2017,109.0,727630.0,413.5784252,63.242,1655.375335,282.9751779,910.1049952
Jordan,2017,95.0,1943195.704,456.581047,56.63,2855.500623,226.9296664,23547.2184
Kuwait,2017,102.0,629713.1558,47.89584203,44.166,689.249435,3.35293279,21212.33729
Lebanon,2017,105.0,1985030.782,413.7844358,266.162,1833.081331,294.8493025,44556.01134
Oman,2017,108.0,1038833.27,297.184176,108.272,648.189301,10.435268,24552.16767
Qatar,2017,85.0,122962.3009,53.93827757,25.54,81.48843178,3.226194116,4642.955703
Saudi Arabia,2017,115.0,5916442.983,10313.65293,463.479,17169.76378,387.9477777,321342.9119
Syria,2017,87.0,6962293.701,8057.09454,529.312,4613.986493,2883.95316,56881.60855
Turkey,2017,103.0,68244216.6,32169.15517,5524.856,106066.538,47572.01832,2746208.453
United Arab Emirates,2017,108.0,1081584.639,227.1204791,105.653,3972.002082,2.736783907,34499.23471
Yemen,2017,84.0,2551624.0,3082.794888,1588.686,1690.988513,149.1140569,26086.87591
Afghanistan,2017,99.0,5908654.285,11529.77344,3886.59,6073.716762,12.31925793,258349.4624
Kyrgyzstan,2017,106.0,3347040.699,2509.04735,541.369,1083.879248,1090.909532,69440.28328
Tajikistan,2017,133.0,4176275.878,1701.465181,961.8582561,1727.389331,701.8453235,67449.20212
Turkmenistan,2017,105.0,4024551.543,4566.243664,857.3184859,2667.113347,2694.244592,491591.1545
Uzbekistan,2017,95.0,22327409.56,8823.74345,3626.397,18543.71906,7311.361386,1100131.723
Algeria,2017,105.0,14360083.93,18586.51629,1114.38,23623.03534,5176.920941,236234.2034
Egypt,2017,101.0,38806494.9,29932.09923,6510.188,29286.76982,5162.074271,1703655.418
Libya,2017,98.0,1786748.301,5098.436564,334.353,7164.297508,1223.61046,46613.87552
Morocco,2017,91.0,15630048.08,23490.91715,3734.759,24039.24231,2486.067832,479459.57
Tunisia,2017,83.0,5930891.978,8428.145978,508.973,7900.93605,1953.568466,153001.2949
Belarus,2017,105.0,11579144.49,6108.100252,511.779,17487.95103,2305.561116,1014246.871
Kazakhstan,2017,115.0,16349496.08,48601.17526,1319.0,8563.997252,2156.553323,355730.1593
Moldova,2017,94.0,2946836.428,2137.162245,390.491,925.666005,1809.793625,131004.7847
Russian Federation,2017,104.0,96293787.04,134560.9475,4268.046,116314.4742,12624.82892,4184762.147
Ukraine,2017,115.0,45089105.65,35638.81908,2489.4,23854.83559,15334.5659,2313640.231
Albania,2017,103.0,2158852.848,938.0789099,444.023,4285.893732,325.1648578,78119.54176
Bulgaria,2017,103.0,5390920.671,3845.731673,220.959,5623.185922,3020.801223,586165.4528
Czechia,2017,99.0,5619082.658,2661.311954,146.333,13876.28393,3134.917342,541938.6258
Slovakia,2017,107.0,2063868.69,1445.567289,68.53,12732.35945,1017.394784,197086.201
Hungary,2017,101.0,9420781.061,4705.780343,222.691,22788.14422,5075.442043,631610.2055
Poland,2017,109.0,32621358.2,11744.04541,1675.8,23040.56128,83312.80022,2477778.105
Romania,2017,122.0,17041302.33,11168.71736,1979.127,29714.17877,8386.297082,1246684.234
Croatia,2017,105.0,2518172.201,963.1802837,114.469,6696.056872,2406.42604,217256.1028
Slovenia,2017,102.0,949460.0306,276.9465598,53.745,4024.420059,287.1212978,60441.252
Bosnia and Herzegovina,2017,92.0,1346637.114,1268.624155,177.69,1074.738082,2208.90729,85265.17019
North Macedonia,2017,87.0,1079250.825,606.1256048,120.682,690.044722,4364.766302,36337.43267
Montenegro,2017,98.0,163298.5869,38.70010465,18.224,467.303151,5.563069725,7166.084874
Serbia,2017,103.0,5907695.105,2900.898951,603.123,7057.633786,17080.12112,397288.1313
Estonia,2017,101.0,958169.4123,717.5724449,20.33,2783.845563,917.6667762,100392.4581
Latvia,2017,95.0,1761245.494,1357.798746,74.71,5940.173933,2531.946196,191321.9828
Lithuania,2017,98.0,3321994.346,2214.172821,146.7,6242.112249,4496.368362,319180.989
Finland,2017,102.0,3186963.868,2247.40931,92.887,21754.45172,6225.7724,244106.3571
Iceland,2017,130.0,286444.2774,285.8920154,7.267,2277.066335,451.843904,26022.93106
Norway,2017,95.0,8349383.83,821.5975424,54.411,24269.74409,3567.893299,211974.1493
Sweden,2017,101.0,4837404.998,2601.240606,91.485,49187.98523,5791.276727,326012.7072
Greece,2017,99.0,11786279.51,4979.149988,453.359,16887.37107,11230.59886,339368.206
Italy,2017,94.0,38974090.14,13568.18661,871.223,167109.813,43647.23282,1303025.402
Malta,2017,112.0,129742.1716,13.92921105,5.04,234.749828,99.89621014,2173.945345
Portugal,2017,105.0,6902649.471,2421.277037,239.98,17471.84086,7851.978573,216663.6296
Spain,2017,97.0,50870127.76,21676.5983,819.435,106965.7573,28706.29402,2453708.917
Austria,2017,105.0,6180157.263,1542.173869,167.428,51106.48844,11341.16841,271229.8393
Belgium,2017,98.0,9375186.256,909.7621894,55.28,10675.41433,3354.292297,390135.4673
Luxembourg,2017,100.0,283278.0,69.94029551,3.145,2452.383631,240.7578746,23295.31041
Denmark,2017,103.0,9906259.621,2503.476799,58.297,30653.2669,2905.44632,464710.288
France,2017,103.0,61560637.39,21083.40945,689.917,125206.8425,41990.07568,3985988.934
Germany,2017,103.0,52164815.72,12603.57412,531.963,167644.0146,30788.15063,2850873.339
Ireland,2017,104.0,7967191.141,841.2233843,160.7,11505.841,5899.328354,890999.5827
Netherlands,2017,103.0,18617084.59,1290.581808,176.033,58434.57908,5264.917164,559753.4879
Switzerland,2017,98.0,3855239.819,540.2216504,140.694,50900.86573,4111.484552,133823.6861
United Kingdom,2017,97.0,29469823.57,7250.746884,369.647,72319.17352,15235.49569,1989867.397
Australia,2017,100.0,44496214.41,66188.8349,318.393,110179.3384,16031.34859,2961345.877
New Zealand,2017,93.0,16989164.51,2395.373914,163.25,16571.87016,3851.920476,1021747.74
Canada,2017,108.0,50281296.89,42765.43995,279.673,41686.12507,35895.72,4353138.648
United States,2017,103.0,372934313.9,233529.6779,2453.833333,666463.5358,167990.9,23439050.28
Nigeria,2018,93.0,58554181.97,61455.92566,19681.699,177705.748,783.8088793,874622.116
Benin,2018,99.0,4267200.962,4342.073513,1785.355,1103.893522,10.81142558,116813.9784
C?te d'Ivoire,2018,103.0,11963350.38,13530.45886,3104.694,7836.039022,406.2502247,117742.2505
Ghana,2018,104.0,13278008.64,8140.872119,3752.973,17736.4813,81.63907269,150799.9112
Guinea,2018,93.0,4377741.177,6037.266084,2520.922,2383.03767,304.2358684,36014.44682
Guinea-Bissau,2018,94.0,472616.7521,650.547612,462.222,222.486612,1.150348981,7435.175258
Liberia,2018,93.0,568914.2205,627.616256,899.141,597.035275,19.1100648,6341.843937
Sierra Leone,2018,94.0,1715933.557,1888.733103,1383.606,1259.078907,5.262543045,6886.5722
Togo,2018,103.0,1445642.725,2379.394974,870.078,633.083272,4.743120664,60069.91663
Cameroon,2018,95.0,9723856.4,7173.699416,4705.268,4424.665966,21.49618025,110746.6368
Central African Republic,2018,107.0,1492510.319,1076.908704,1263.813,633.482684,2.161157585,23256.78894
Congo DR,2018,103.0,11557839.27,13561.76487,17901.929,6552.869338,130.4992567,32606.57941
Congo Republic,2018,121.0,657505.2546,526.6448533,647.356,552.650417,43.98800575,3438.926754
Equatorial Guinea,2018,101.0,88924.45128,99.43234809,183.135,300.118026,11.68791909,149.7861745
Gabon,2018,97.0,505257.3538,328.3022389,172.464,899.674462,89.96220316,18162.1806
Sao Tome and Principe,2018,125.0,35784.0,53.29647632,11.999,38.178322,4.971075719,564.9572113
Burundi,2018,118.0,2661565.632,2096.356294,4099.22,434.819902,11.14709597,42213.07652
Kenya,2018,87.0,11826716.28,6576.235991,12365.116,12583.00196,887.46853,325940.86
Rwanda,2018,104.0,3117259.414,2217.231945,3874.709,1327.371306,2.484828631,40979.06618
Tanzania,2018,100.0,16743512.37,16316.95742,16930.089,4670.89477,1139.07018,254134.426
Uganda,2018,88.0,8632568.366,7109.270497,11343.799,4803.04311,330.9143623,98017.06835
Djibouti,2018,138.0,77801.0,39.65810365,92.169,19.064369,0.24,624.3649712
Eritrea,2018,93.0,397514.0,769.1716161,948.471,481.433802,26.8477067,10799.82126
Ethiopia,2018,92.0,19921481.91,16810.92119,33871.868,13617.02389,171.5049539,697342.1996
Somalia,2018,95.0,2266551.0,1478.131012,2676.419,653.644644,54.84,19800.30884
South Sudan,2018,104.0,4381832.602,2024.021258,2471.355,2903.887326,0.04,51334.54677
Sudan,2018,100.0,16002593.85,23698.95419,3905.095,10605.09008,1213.612223,209225.0766
Burkina Faso,2018,90.0,4087527.575,7906.767802,1867.088,1809.490868,45.36902993,165998.1922
Cabo Verde,2018,84.0,48201.0,77.85820327,24.275,192.379979,1.920038753,1129.414296
Chad,2018,98.0,5751118.8,5891.085175,4281.379,1742.408453,11.68384802,52286.93204
Gambia,2018,83.0,196511.8626,337.5125324,189.874,163.25684,2.822805877,4540.429579
Mali,2018,100.0,8831095.665,10040.70019,4058.386,2385.388994,88.92501289,193063.8526
Mauritania,2018,97.0,909719.0,1160.237488,338.623,1227.664259,20.16037415,9554.840878
Niger,2018,109.0,6112201.53,19349.98323,5880.125,1258.856746,12.73012049,38266.51563
Senegal,2018,124.0,4136203.64,4000.832905,1187.842,2181.824008,44.88035644,72429.81446
Angola,2018,92.0,6104712.11,7009.462432,6015.001,11617.70895,949.2216607,99072.75054
Comoros,2018,94.0,94494.0,120.889016,73.823,273.179643,0.279635515,165.0646976
Madagascar,2018,100.0,5171791.479,3890.022051,8525.739,1835.556636,37.8106204,82080.56269
Malawi,2018,113.0,8225996.204,4508.025061,5639.884,874.852191,78.61488122,225443.6011
Mauritius,2018,97.0,306346.3621,71.85856172,35.218,923.172274,8.766817741,28280.9004
Mozambique,2018,105.0,4411033.647,8542.234502,8723.192,1858.885096,281.1329328,68538.16546
Zambia,2018,118.0,3930785.474,2755.166921,3145.382,1962.380226,276.8879797,220496.9163
Zimbabwe,2018,118.0,2653386.193,2647.354493,4329.501,7987.190983,1201.442727,146379.499
Botswana,2018,86.0,460367.7521,602.9081653,176.703,232.861731,154.8459447,17183.17513
Eswatini,2018,95.0,454595.0085,247.7474349,35.642,689.863761,63.53965499,1883.934031
Lesotho,2018,86.0,272314.5978,286.7291725,328.749,82.000122,59.5919113,2257.824323
Namibia,2018,103.0,544130.6024,983.6394246,164.986,1033.271184,139.194159,27551.5782
South Africa,2018,109.0,21953462.6,14953.48855,865.603,20310.9467,4111.230667,815669.2557
Belize,2018,87.0,253716.9874,125.6068975,27.626,152.330638,66.7804769,22469.09599
Costa Rica,2018,98.0,4797299.443,714.8138552,274.031,8660.287423,340.5729494,253342.0863
El Salvador,2018,104.0,1598443.862,917.7234294,442.213,2748.106088,161.0205526,171796.1262
Guatemala,2018,96.0,8846766.209,2303.464798,2186.79,11529.94807,335.4830022,416223.3935
Honduras,2018,107.0,3875743.895,1707.487915,1302.226,3487.41576,298.2108081,244394.7873
Mexico,2018,108.0,64635802.58,28929.47603,6969.231,15503.20887,11601.28,2797276.403
Nicaragua,2018,112.0,2926981.345,2007.946411,864.68,2419.116355,167.7619328,105920.7012
Panama,2018,98.0,1574474.761,814.2999714,277.145,2180.450348,464.5066835,49038.34429
Bahamas,2018,95.0,52585.59131,12.68557306,4.602,233.074823,4.703345735,3531.874444
Cuba,2018,96.0,4563870.764,4043.232162,887.574,3254.971764,3052.08,131647.9586
Dominican Republic,2018,103.0,5407344.697,1459.831737,441.723,7245.911642,77.07077265,226419.9172
Haiti,2018,90.0,1806701.022,1425.314993,1273.903,1496.401187,6.38070962,23507.92191
Jamaica,2018,108.0,847478.033,241.0379528,217.343,715.385678,121.1580396,14290.97453
Lesser Antilles,2018,101.0,455087.9394,128.2856576,68.629,249.275676,141.6789554,4531.390013
Puerto Rico (USA),2018,101.0,373924.843,83.03059939,10.096,1501.644256,101.8969621,18728.37434
Trinidad and Tobago,2018,102.0,189450.6141,51.59056262,20.118,56.281613,150.2814218,16832.26052
French Guiana (France),2018,96.0,44356.96444,22.98406164,12.0,29.3958347,18.272,141.7833208
Guyana,2018,111.0,768303.8204,582.7847001,41.889,520.213693,152.2552206,33625.24354
Suriname,2018,99.0,202205.9126,111.0455601,16.199,706.252672,49.95965296,10329.17943
Venezuela,2018,100.0,7658391.014,4502.414033,880.791,5075.297626,1974.845958,476808.476
Bolivia,2018,91.0,7036401.975,5987.342129,1687.622,5597.491492,330.2677776,138941.366
Colombia,2018,126.0,30491483.32,6596.417143,3984.184,16105.46098,1032.52634,1209693.278
Ecuador,2018,87.0,12223857.69,4043.67789,2326.116,9748.452665,854.6634735,563165.2437
Peru,2018,106.0,17172423.56,8887.447458,4953.857,11369.68481,602.6669662,588393.263
Brazil,2018,107.0,242862435.3,76050.29125,8535.999504,211727.0787,44744.13111,17099887.07
Argentina,2018,87.0,66787505.78,38126.63458,1034.483887,64157.77497,11237.83538,2065066.241
Chile,2018,105.0,17702379.89,3134.346209,802.887,15080.80022,2329.643004,568496.4373
Paraguay,2018,112.0,9893076.265,5459.025835,670.26,4080.269141,1256.032539,333065.3526
Uruguay,2018,89.0,5580488.938,2618.477743,134.074,6175.588995,1391.1053,424145.3742
Japan,2018,100.0,28851674.03,5720.701079,2280.0,139399.9464,75477.91872,1144568.678
"Korea, Republic",2018,104.0,17348481.11,1981.752401,1340.171,60171.41523,19230.80289,882135.1667
Taiwan,2018,104.0,8294640.733,1007.952234,560.667,9427.308677,540.48,302913.8189
China,2018,105.0,1022183526.0,194297.851,202588.056,1336040.975,1364673.012,49334399.84
"Korea, DPR",2018,92.0,5375239.188,3372.443193,7140.301,3562.228495,2568.0,293755.0002
Mongolia,2018,113.0,2589362.0,7720.955862,336.809,3903.485872,225.8633056,205361.5182
Brunei Darussalam,2018,86.0,71012.76973,10.82631819,2.129,271.813437,4.698390147,4569.712643
Cambodia,2018,119.0,8432935.904,4322.028498,3336.671,3599.149294,1042.518132,227693.3406
Indonesia,2018,113.0,125468424.1,56183.90833,37201.802,198549.1846,5150.508264,8194020.973
Laos,2018,94.0,4855945.941,2035.503674,2305.108,2372.093772,194.3199822,62710.66821
Malaysia,2018,99.0,18501288.53,8582.344107,1588.05,76257.69207,4259.850385,2244197.611
Myanmar,2018,101.0,36516146.54,14062.19687,10859.8,12494.58371,6357.613094,1062003.299
Philippines,2018,105.0,36217405.15,12242.74092,9998.24675,48004.36594,50231.51004,1198246.378
Thailand,2018,108.0,52124335.71,25422.28056,12168.287,74712.69122,42104.8237,2417479.066
Timor-Leste,2018,91.0,207300.9169,260.6747452,205.52,432.682297,16.96112645,6033.156137
Vietnam,2018,106.0,63136171.46,14441.64673,21814.065,34512.171,20484.42261,3231020.333
Fiji,2018,118.0,259353.9867,262.4353509,61.923,293.506781,392.996798,9793.299096
New Caledonia (France),2018,96.0,48802.52395,25.71117581,2.241,199.02953,80.86,2205.64145
Papua New Guinea,2018,96.0,3817242.226,1010.747923,1458.097,4362.23101,106.318901,59074.71477
Solomon Islands,2018,93.0,136635.5043,109.4525441,123.233,314.818501,0.664871626,506.0070612
Vanuatu,2018,96.0,102724.5957,147.3758568,70.92,237.279844,4.528725842,1627.810258
Micronesia,2018,94.0,59075.92249,73.53138297,37.183,155.382102,8.20533494,757.2290962
Polynesia,2018,97.0,161007.7526,140.7146594,36.278,249.712005,32.9528878,3622.417634
Bangladesh,2018,100.0,44382767.73,18520.68526,25953.916,24535.23383,23670.85193,2704948.466
Bhutan,2018,95.0,268510.7003,182.0292582,205.547,315.143994,11.76339606,4074.071732
India,2018,114.0,443043943.1,295053.0,200025.467,597633.5509,373874.1662,29522566.52
Nepal,2018,103.0,9607184.94,4860.856563,10173.256,4153.683546,2425.340545,207372.0537
Pakistan,2018,116.0,71603648.6,67120.61787,22372.698,102861.188,27557.18419,5388164.971
Sri Lanka,2018,102.0,5094966.694,3528.934372,2043.698,14950.11687,2155.514233,304143.4127
Armenia,2018,147.0,1633831.757,871.3183859,270.298,105.779202,558.9231595,16124.89522
Azerbaijan,2018,112.0,5058491.303,4765.719259,1769.3,6119.468308,1084.23415,105343.9265
Georgia,2018,105.0,1202385.06,1176.794146,659.037,1246.839144,1176.702343,66745.12765
Bahrain,2018,95.0,188422.4254,11.1943273,8.892,120.634917,0.164465641,3089.010905
Cyprus,2018,104.0,509869.0348,192.2977515,12.416,1473.019639,461.6555124,36745.29694
Iran,2018,82.0,38385545.06,33739.64276,4321.04,39663.20765,13145.81469,1423406.222
Iraq,2018,85.0,2944008.707,11072.60814,1666.737,5068.002545,4799.613007,372669.7961
Israel,2018,87.0,4172038.026,984.2273718,36.4,6077.851267,1581.632985,104000.1629
West Bank and Gaza,2018,106.0,773199.0,413.5784252,60.234,1698.376215,281.317837,1340.425877
Jordan,2018,100.0,2012274.014,471.381047,55.714,3064.901398,240.9628691,25178.8367
Kuwait,2018,121.0,731745.1952,46.49584203,43.263,792.363801,3.053820646,21697.19352
Lebanon,2018,105.0,1977074.838,413.7844358,262.019,1893.007407,299.3455757,43604.53671
Oman,2018,116.0,1120908.859,305.154176,105.332,608.786684,10.5942095,25864.811
Qatar,2018,90.0,139276.3009,53.93827757,25.207,92.29989405,3.772255135,6098.268727
Saudi Arabia,2018,134.0,6498021.684,10291.65293,332.009,17521.42176,440.7386266,323749.3022
Syria,2018,89.0,6797948.94,8057.09454,503.327,4505.073462,2595.557844,31061.78655
Turkey,2018,107.0,67840078.24,32002.15517,5392.528,108223.29,48130.28814,2270553.102
United Arab Emirates,2018,123.0,1142751.119,221.6586681,96.63,4098.463222,2.82720062,34547.32527
Yemen,2018,87.0,2524151.0,3082.794888,1615.85,1672.781862,173.4079546,15122.77738
Afghanistan,2018,107.0,5740992.866,11629.77344,3958.696,5897.580391,11.65183178,182922.1205
Kyrgyzstan,2018,113.0,3417229.642,2506.17071,486.521,1071.238777,1105.934407,72686.74611
Tajikistan,2018,142.0,4494846.015,1689.065181,959.323,1794.815092,700.5226336,66160.44421
Turkmenistan,2018,99.0,3838969.581,4566.243664,832.5369114,2544.126197,2730.192559,554404.1865
Uzbekistan,2018,90.0,22630740.5,8818.806461,3604.461,19846.16067,6874.185385,1144356.695
Algeria,2018,106.0,14982285.39,18619.87084,1095.585,25058.64811,5053.901388,254555.0248
Egypt,2018,103.0,37934719.22,29932.09923,5629.207,30577.69677,5318.784004,1624637.536
Libya,2018,101.0,1807635.301,5098.436564,329.204,7062.453917,1258.290183,40667.01718
Morocco,2018,99.0,16653760.77,23106.69789,3698.811,25182.44442,2113.410497,471680.3239
Tunisia,2018,85.0,6143619.273,8428.145978,493.258,8044.587327,2885.33709,172511.24
Belarus,2018,93.0,11125090.8,6087.934338,546.36,24703.83732,2255.712379,1280054.882
Kazakhstan,2018,121.0,16863277.71,48667.18114,1231.8,8540.142654,2201.552579,380790.0636
Moldova,2018,119.0,3085136.276,2074.915018,194.186,969.109023,1836.292398,154579.7074
Russian Federation,2018,117.0,93908934.7,134560.9475,4266.767,118871.6625,12590.49053,4379615.59
Ukraine,2018,104.0,48532566.89,35699.84156,2663.12,24555.90631,15485.24846,2623845.361
Albania,2018,103.0,2202852.717,943.6057544,460.389,4364.99048,322.4037597,72656.67592
Bulgaria,2018,100.0,5330924.819,3840.187905,207.369,5889.838801,3094.705474,619465.2581
Czechia,2018,97.0,5500146.284,2652.441996,148.335,14655.70167,3091.26679,493696.506
Slovakia,2018,108.0,2189267.585,1451.670929,58.859,12958.26205,985.8334036,231054.6278
Hungary,2018,93.0,9377296.703,4703.309492,216.69,22936.31062,5041.143844,639038.3777
Poland,2018,107.0,31592371.68,11813.06783,1675.8,23787.0589,83531.51937,2355939.455
Romania,2018,119.0,17424413.88,11324.28689,1938.588,29403.57954,8460.684419,1226887.944
Croatia,2018,91.0,2241471.483,950.1802837,104.284,6572.057458,2655.205906,206141.475
Slovenia,2018,103.0,989090.674,274.8808615,54.072,4163.143196,284.9076498,61594.70491
Bosnia and Herzegovina,2018,110.0,1632015.53,1232.60173,169.336,1097.71219,2375.685835,77991.80756
North Macedonia,2018,101.0,1302139.056,607.748924,119.617,694.337828,4382.625491,36013.48725
Montenegro,2018,97.0,168057.5985,38.74347131,19.012,486.947634,5.619945873,7097.874636
Serbia,2018,112.0,6988914.992,2890.409446,567.99,7060.924014,17320.51631,279020.737
Estonia,2018,84.0,815800.4907,721.3841045,20.09,2925.498682,924.5710729,118051.1707
Latvia,2018,72.0,1376904.788,1362.798746,70.51,5851.212078,2767.446242,186810.6389
Lithuania,2018,76.0,2745861.927,2225.963404,143.37,6607.701085,4638.376969,323241.5262
Finland,2018,96.0,3023858.648,2249.31514,94.009,21858.26779,6150.855184,256466.7296
Iceland,2018,130.0,277959.0955,285.8920654,7.973,2250.48654,409.4545735,20980.17027
Norway,2018,101.0,8466968.96,823.3173811,56.488,24247.80175,3492.010992,215120.6495
Sweden,2018,100.0,4031375.582,2588.257781,87.925,49700.78259,5696.163169,309945.3792
Greece,2018,77.0,9190225.973,4980.749988,469.611,16757.00365,11286.73126,326550.4191
Italy,2018,96.0,39216538.02,13475.70458,872.368,163129.6698,42756.7968,1188183.996
Malta,2018,106.0,125645.7001,13.92921105,5.04,244.371606,102.135009,2386.632017
Portugal,2018,95.0,6266886.516,2407.462537,238.53,17727.6557,7878.745421,201311.0003
Spain,2018,110.0,58557563.37,21471.45678,812.55,109340.7655,28443.65468,2353013.999
Austria,2018,108.0,6301669.641,1540.383869,159.549,51273.38136,11205.04954,259044.1489
Belgium,2018,93.0,8827825.539,925.8922318,55.66,10917.04826,3271.176271,397907.6123
Luxembourg,2018,102.0,300920.0,70.0517932,2.68,2493.356837,236.5627994,21916.34833
Denmark,2018,95.0,9007767.962,2523.211193,61.949,31934.1744,2790.349155,457965.4749
France,2018,100.0,58638880.83,20779.53706,664.975,122958.3296,41503.05764,3878149.588
Germany,2018,102.0,48934432.83,12562.38578,523.717,166421.0762,30335.58319,2686952.234
Ireland,2018,101.0,7884205.782,834.7076816,160.7,11671.91622,5810.277589,891962.2398
Netherlands,2018,99.0,17465711.76,1276.465212,166.768,59095.80004,5209.296449,519266.5755
Switzerland,2018,104.0,3998597.24,540.1926578,138.531,53016.92219,4107.595327,138756.8879
United Kingdom,2018,95.0,28530229.59,7202.840845,344.177,73049.89886,15006.65469,1996075.526
Australia,2018,94.0,40980452.11,65180.23672,329.66,108681.9269,15815.95014,2642955.043
New Zealand,2018,94.0,17337226.94,2409.705789,156.2,17304.9277,3949.138474,1030756.211
Canada,2018,107.0,50319394.24,42943.43995,277.39,43390.22301,36288.46,4407448.806
United States,2018,105.0,376625992.8,233530.5331,2424.333333,682020.5476,161523.96,21682980.3
Nigeria,2019,92.0,59306331.6,62459.84266,20225.079,188491.1689,804.5534064,874594.435
Benin,2019,98.0,4280560.147,4113.245513,1804.083,1152.598315,10.85005406,169817.9126
C?te d'Ivoire,2019,99.0,12016173.38,14209.46786,3128.607,7788.281908,411.2187467,195199.2339
Ghana,2019,106.0,13691231.47,8283.076119,3685.189,17657.9026,80.46722445,211174.7602
Guinea,2019,98.0,4762162.895,6267.385084,2577.739,2463.588375,311.684407,36836.77114
Guinea-Bissau,2019,95.0,485980.1504,663.876612,470.828,226.650678,1.172348334,7441.803691
Liberia,2019,84.0,521108.5213,614.761256,921.774,634.673651,19.49593716,6612.848526
Sierra Leone,2019,101.0,1783461.557,1607.784103,1397.128,1325.356893,5.212937385,7271.207532
Togo,2019,107.0,1457032.085,2437.703974,875.316,635.07853,4.780975166,27119.89677
Cameroon,2019,94.0,9973529.213,7420.774416,4773.011,4677.694916,21.85102644,119509.7397
Central African Republic,2019,108.0,1502433.319,1093.015704,1280.905,612.663854,2.190875964,23649.40108
Congo DR,2019,103.0,11776369.28,13780.17087,18370.632,6501.848989,133.782749,36656.4993
Congo Republic,2019,111.0,668278.1924,527.7698533,661.711,689.141716,44.87469475,4534.528109
Equatorial Guinea,2019,99.0,90917.45128,100.1073481,192.649,327.258954,12.23912593,151.166603
Gabon,2019,97.0,513583.3538,336.6632389,173.807,919.569742,90.85262395,16450.24202
Sao Tome and Principe,2019,165.0,37713.0,54.44447632,11.962,18.48099,4.971483866,584.6367544
Burundi,2019,116.0,2774623.783,2499.138294,4238.214,445.826718,11.70102743,37936.86597
Kenya,2019,91.0,12876128.25,6721.823991,12561.584,13307.21667,902.3124896,399935.6396
Rwanda,2019,105.0,3274066.829,2278.899945,3919.555,1384.750417,2.517827679,50976.79258
Tanzania,2019,101.0,16933802.61,16219.59342,17340.415,4515.999528,1162.995393,281951.7711
Uganda,2019,84.0,8463832.009,7122.712497,11759.28,4976.004797,341.8149744,99686.40281
Djibouti,2019,140.0,78664.0,39.68510365,90.623,18.81105,0.236446636,624.6789126
Eritrea,2019,91.0,398879.0,769.9786161,953.367,514.490442,26.8477067,10717.56947
Ethiopia,2019,92.0,20593772.25,16849.33219,34604.764,14641.98963,174.8690692,695172.5447
Somalia,2019,93.0,2256624.0,1504.049012,2767.581,658.448702,56.76079542,19281.76351
South Sudan,2019,106.0,4565735.752,2020.215258,2481.896,3025.761911,0.04,54907.06584
Sudan,2019,99.0,15681121.36,22594.63119,3970.898,10392.04682,1224.95936,236633.6255
Burkina Faso,2019,98.0,4462062.938,8052.231802,1867.687,1927.761594,45.47164366,118919.4658
Cabo Verde,2019,86.0,47994.25096,77.02120327,22.159,193.328705,1.767110482,1159.982864
Chad,2019,102.0,6201609.8,5895.566175,4407.742,1836.872526,11.99326011,55441.1763
Gambia,2019,78.0,193817.8626,396.0145324,191.384,168.710324,2.893347463,2868.912426
Mali,2019,100.0,9096183.146,9980.098194,4158.884,2539.595513,90.82474185,194535.8304
Mauritania,2019,98.0,933706.0,1133.688488,342.005,1301.543853,20.19896555,9640.669376
Niger,2019,108.0,6072983.192,18852.61123,6090.387,1257.122574,13.09975783,45320.00487
Senegal,2019,120.0,4047328.857,4004.060905,1197.167,2152.930276,45.20002057,90970.54032
Angola,2019,92.0,6261680.914,7017.392432,6210.398,12095.67062,976.917901,99875.44026
Comoros,2019,93.0,94453.0,121.080016,74.65,278.287914,0.282485656,165.459927
Madagascar,2019,100.0,5251147.938,4011.591051,8712.03,1861.317042,38.74101346,72099.28274
Malawi,2019,116.0,8763241.973,4735.303061,5798.031,900.663089,81.01032484,226385.0052
Mauritius,2019,107.0,327442.7857,69.32656172,34.0,987.518692,8.455024225,16095.97094
Mozambique,2019,103.0,4305050.55,7924.269502,8966.277,1936.43699,285.6954352,68451.82056
Zambia,2019,111.0,3694246.685,2376.227921,3231.011,2103.91822,278.4105345,281890.9916
Zimbabwe,2019,115.0,2502785.747,2383.316493,4424.512,7886.51957,1209.652546,147630.845
Botswana,2019,88.0,449590.053,505.0141653,177.323,243.732912,145.0084116,15416.58656
Eswatini,2019,97.0,454248.0085,233.7564349,35.367,701.360402,62.61017978,1890.644021
Lesotho,2019,105.0,254321.9807,119.5941725,328.7,85.699442,53.23845737,2219.844232
Namibia,2019,105.0,521081.7895,801.8134246,163.899,1043.250344,129.5381424,26166.55836
South Africa,2019,106.0,21517256.59,14953.48855,881.468,20778.72612,4130.239662,813803.2594
Belize,2019,82.0,250554.9874,125.6068975,28.122,156.968703,68.01103684,42384.02239
Costa Rica,2019,99.0,4860824.893,707.8138552,272.152,8964.283062,339.4716262,196898.1192
El Salvador,2019,109.0,1591195.269,917.7234294,436.715,2756.697257,159.3238415,56127.02134
Guatemala,2019,98.0,9076887.271,2303.464798,2225.925,11826.80784,341.8349007,348941.3533
Honduras,2019,106.0,3834472.224,1707.487915,1288.778,3561.041281,295.9489898,195763.147
Mexico,2019,108.0,65503977.67,28453.50096,6964.752,15931.42276,11633.9459,2671253.893
Nicaragua,2019,114.0,3076878.451,2007.946411,888.367,2486.862101,170.8670903,130303.974
Panama,2019,95.0,1551241.376,814.2999714,287.172,2253.688028,480.2489131,46326.62966
Bahamas,2019,95.0,52793.25096,12.68557306,4.543,238.530623,4.650601838,3535.52576
Cuba,2019,88.0,4211998.8,4144.232162,871.348,3293.80178,3052.08,127007.7139
Dominican Republic,2019,107.0,5573906.706,1459.831737,427.431,7170.896209,75.29678778,239955.2676
Haiti,2019,91.0,1843727.933,1425.314993,1294.21,1496.771997,6.44928892,23549.46893
Jamaica,2019,107.0,842078.6419,241.0379528,211.05,716.745367,118.077858,15734.96484
Lesser Antilles,2019,98.0,454083.0084,127.6081368,67.723,248.111543,141.6789554,9035.563539
Puerto Rico (USA),2019,100.0,367301.843,82.03059939,9.803,1500.228204,98.9937797,18282.5472
Trinidad and Tobago,2019,94.0,183634.1945,51.59056262,19.565,61.976368,146.3068482,17094.78338
French Guiana (France),2019,104.0,51657.05851,22.98406164,12.0,34.23368511,18.272,139.8596154
Guyana,2019,114.0,787893.9261,572.7847001,41.072,526.196675,150.5971036,33176.96247
Suriname,2019,98.0,203458.9126,111.0455601,16.51,721.936957,50.82867354,10138.86594
Venezuela,2019,100.0,7706707.614,4502.414033,875.318,5107.317554,1974.845958,455818.6014
Bolivia,2019,90.0,7062289.04,6047.342129,1698.167,5814.444045,332.2716015,135655.8326
Colombia,2019,128.0,31144157.13,6687.117504,3750.107,15874.35471,982.7102608,1324998.85
Ecuador,2019,98.0,13482574.19,4112.930658,2437.252,9949.345794,887.7724961,464057.5014
Peru,2019,110.0,17983531.16,8667.147458,5022.034,10928.18628,609.1194475,625905.6915
Brazil,2019,107.0,248225146.7,76341.14227,8651.999504,212093.7979,44795.32576,18128846.63
Argentina,2019,98.0,77362072.31,38126.63458,1034.483887,66271.23995,11195.34841,2260279.493
Chile,2019,105.0,17753397.54,3110.346209,791.915,15094.09895,2298.503715,576580.6323
Paraguay,2019,92.0,9181062.024,5461.025835,633.958,4153.957287,1193.525824,576209.7928
Uruguay,2019,102.0,6366376.072,2649.577743,134.172,6831.069762,1386.998047,391880.5938
Japan,2019,101.0,28840098.27,5697.701079,2220.0,137264.9317,74413.18615,1144507.426
"Korea, Republic",2019,109.0,17622485.61,1966.752401,1394.918,60737.18684,19545.609,628782.4702
Taiwan,2019,99.0,8145952.596,994.4181818,559.417,9608.277642,540.48,398198.0482
China,2019,105.0,1026882282.0,195024.186,194457.851,1400233.797,1397121.686,51144908.13
"Korea, DPR",2019,132.0,5883428.231,3372.443193,7069.209,3899.010808,2568.0,26526.84567
Mongolia,2019,118.0,2767735.0,7718.91087,336.861,4068.916896,237.982078,221506.4571
Brunei Darussalam,2019,65.0,67892.14335,10.82631819,3.946,282.026661,7.668854415,4305.95631
Cambodia,2019,124.0,8734202.919,4322.028498,3214.124,3799.382777,1103.636077,230965.6387
Indonesia,2019,114.0,126238360.4,56183.90833,36926.038,207348.5105,5470.944073,6589150.511
Laos,2019,97.0,5050880.351,2035.503674,2315.856,2497.737969,206.9697176,63798.67528
Malaysia,2019,103.0,18997175.59,8582.344107,1541.1,79503.98859,4413.326312,1697682.702
Myanmar,2019,100.0,36826210.58,13972.23087,10859.8,13556.50128,6457.362214,1218347.118
Philippines,2019,104.0,36279827.28,12275.07425,9998.24675,49899.25873,52664.53978,1254511.201
Thailand,2019,105.0,50520130.19,25422.28056,11820.891,77734.51076,42500.24956,2184905.113
Timor-Leste,2019,94.0,215826.2178,260.6747452,204.922,436.929708,21.36769036,6101.524379
Vietnam,2019,109.0,64227493.67,14689.14673,20893.611,37390.43755,21875.93621,3029922.997
Fiji,2019,114.0,251490.7477,262.4353509,61.139,286.853183,382.4292146,9789.984589
New Caledonia (France),2019,97.0,48965.83528,25.71117581,2.189,208.724306,80.86,2204.985546
Papua New Guinea,2019,97.0,3871009.658,1010.747923,1459.006,4645.49758,112.6468787,54907.55131
Solomon Islands,2019,94.0,137969.2466,109.4525441,124.526,323.511664,0.658323011,506.879644
Vanuatu,2019,95.0,103439.2838,147.3758568,71.729,246.81739,4.621032342,1651.410205
Micronesia,2019,93.0,58976.84117,73.53138297,37.178,157.836015,8.20533494,767.282501
Polynesia,2019,97.0,160526.4516,140.7146594,35.805,253.490014,32.9528878,3829.490768
Bangladesh,2019,99.0,44953364.85,18768.71859,25738.867,25974.58224,26136.18747,2774588.108
Bhutan,2019,99.0,279309.8157,182.0292582,208.909,312.818266,12.5888676,3446.770378
India,2019,115.0,448973657.5,295053.0,199639.668,626059.8324,390615.9817,31268792.74
Nepal,2019,106.0,10128881.01,4860.856563,10392.93,4277.613371,2644.624735,290337.2278
Pakistan,2019,117.0,73050992.99,67120.61787,22372.698,104048.0736,27388.43999,5609011.07
Sri Lanka,2019,104.0,5196530.054,3528.907172,2071.94,15280.15014,2180.0331,272377.2958
Armenia,2019,126.0,1605190.685,871.1166384,233.138,119.233541,585.5665161,95005.53633
Azerbaijan,2019,116.0,5459698.389,4770.442485,1777.705,6172.838603,1125.543616,171941.9848
Georgia,2019,113.0,1215004.616,1167.92013,644.588,1261.90496,1159.358853,26852.06704
Bahrain,2019,98.0,195933.4254,11.1943273,9.104,125.233264,0.160176714,3101.362498
Cyprus,2019,122.0,530815.6191,185.6362863,14.263,1514.950022,461.2326314,23272.1612
Iran,2019,91.0,41213708.57,33837.64276,4353.912,40567.01299,12396.34222,1043718.563
Iraq,2019,134.0,4511840.771,11072.60814,1668.328,5313.48786,4938.538389,288131.1525
Israel,2019,87.0,4132761.917,979.3751916,36.875,6051.595795,1739.9667,98209.76596
West Bank and Gaza,2019,102.0,751445.0,412.5784252,61.225,1742.698521,306.49315,1382.283166
Jordan,2019,95.0,1919853.615,479.865647,54.316,2927.616915,233.4314561,26409.18659
Kuwait,2019,133.0,762272.7624,46.49584203,42.191,717.260126,2.911400656,14423.73797
Lebanon,2019,99.0,1880780.588,413.7844358,257.672,1979.827871,288.0090047,45896.26447
Oman,2019,114.0,1107305.759,306.664176,105.08,545.672968,11.91293119,26152.69094
Qatar,2019,83.0,131264.3009,57.1876214,24.78,86.99025596,3.687038517,6132.425932
Saudi Arabia,2019,145.0,7082923.247,10294.65293,325.548,17888.68008,449.9065825,324303.4149
Syria,2019,98.0,7739533.843,8057.09454,485.902,5129.071847,2595.557844,38421.64146
Turkey,2019,109.0,70841244.03,31921.15517,5209.055,111769.9954,48277.24988,2554561.062
United Arab Emirates,2019,119.0,1158572.362,244.4433137,92.727,4241.91674,2.904719201,34607.33865
Yemen,2019,90.0,2728922.0,3082.794888,1630.269,1808.485793,173.4079546,23234.47169
Afghanistan,2019,125.0,6628536.37,11629.77344,4048.472,5729.774413,11.66284437,154713.3677
Kyrgyzstan,2019,111.0,3458088.065,2505.137236,486.521,1116.717092,1126.668234,77305.22756
Tajikistan,2019,149.0,4817666.396,1689.065181,959.323,1859.276864,719.4599688,75973.59494
Turkmenistan,2019,117.0,3964667.551,4566.243664,804.7846053,2627.427586,2814.027594,78807.59744
Uzbekistan,2019,89.0,23093609.8,8838.677065,3516.505,21172.43287,7065.074595,1323417.837
Algeria,2019,115.0,15513350.67,18619.87084,1076.406,26495.73838,5065.193999,180136.6232
Egypt,2019,107.0,39862510.6,29932.09923,5509.021,31817.82257,5562.777957,1625938.151
Libya,2019,103.0,1819521.301,5098.436564,324.574,6991.566768,1273.853171,38272.82254
Morocco,2019,95.0,15946399.57,22397.58029,3656.639,25848.3584,2116.905581,489296.9564
Tunisia,2019,92.0,6634326.716,8428.145978,481.78,8182.540489,2902.254833,172757.5091
Belarus,2019,99.0,11377372.67,6079.095786,529.449,22903.44552,2274.573428,1070351.64
Kazakhstan,2019,121.0,16350794.24,48616.63575,1199.775,8400.217387,2220.742584,273257.0243
Moldova,2019,124.0,3014195.479,2080.27407,182.845,946.8249616,1828.393968,113260.4778
Russian Federation,2019,124.0,98775248.92,134560.9475,4196.055,122068.9569,12637.40293,3898827.448
Ukraine,2019,109.0,49237205.76,35720.79224,2541.549,23721.01239,15596.14141,2414829.286
Albania,2019,99.0,2139511.793,944.2819571,462.809,4444.863643,325.9926309,87634.08301
Bulgaria,2019,103.0,5429702.809,3839.035437,214.083,6147.222257,3189.918394,510482.1819
Czechia,2019,98.0,5501132.89,2651.436081,141.262,14551.8351,3034.722714,480405.6997
Slovakia,2019,105.0,2190157.307,1453.105908,71.984,13059.81279,1090.889873,200908.8521
Hungary,2019,99.0,9264304.358,4693.46196,213.074,22319.91639,5068.931226,709697.879
Poland,2019,106.0,31447365.13,11843.99609,1675.8,24466.81037,82978.47462,2374969.487
Romania,2019,117.0,16575778.57,11593.0637,1839.546,28966.28784,8365.981656,932233.5087
Croatia,2019,89.0,2191133.069,971.0861135,105.077,6428.643665,2680.235354,204819.7839
Slovenia,2019,106.0,965057.4319,273.8403415,41.896,4012.31365,254.5883573,66137.12613
Bosnia and Herzegovina,2019,95.0,1498563.446,1225.825942,202.365,1109.592919,2623.535314,119566.2831
North Macedonia,2019,101.0,1227314.006,608.748924,111.304,667.363216,4290.817941,37907.83184
Montenegro,2019,100.0,168413.9394,39.22822449,17.318,484.944819,5.534189166,6954.410839
Serbia,2019,109.0,6995117.197,2884.465982,572.538,7024.649067,17675.26686,376723.8784
Estonia,2019,109.0,1027485.459,724.2724495,18.89,3059.072235,935.7375213,75410.56217
Latvia,2019,90.0,1729680.492,1387.516235,70.0,6215.975951,2794.863426,157664.8611
Lithuania,2019,85.0,3103045.735,2315.559831,134.63,6964.955974,4582.189206,336804.5303
Finland,2019,105.0,3321701.042,2252.31514,96.654,21753.66895,6262.488164,256918.6888
Iceland,2019,170.0,346477.7626,285.8920654,8.095,2208.453863,407.8710018,18355.08005
Norway,2019,109.0,9041380.117,819.9245428,55.296,23707.74494,3460.439456,217655.6181
Sweden,2019,122.0,4790659.624,2587.095986,86.294,50188.51907,5628.550871,310976.7331
Greece,2019,79.0,8930090.829,4980.749988,453.624,15695.43418,11073.70974,357408.2323
Italy,2019,93.0,38742928.62,13696.27551,908.779,158725.2833,43897.15761,1199439.603
Malta,2019,79.0,90148.03152,13.92921105,5.04,249.348613,104.7862112,1892.621985
Portugal,2019,102.0,6863974.379,2407.462537,234.42,17589.72215,7529.331148,248532.4741
Spain,2019,101.0,53009491.3,21464.09411,797.267,108625.4793,28125.35183,2336415.439
Austria,2019,109.0,6270089.756,1538.763869,159.22,51564.42605,11222.15104,252879.158
Belgium,2019,102.0,9377967.787,932.4237757,55.59,11146.1378,3203.040099,395321.4088
Luxembourg,2019,104.0,299210.0,69.90764967,1.843,2697.546795,195.5626062,22550.36588
Denmark,2019,101.0,9755782.105,2537.478653,63.751,31109.2434,2848.585127,492657.6266
France,2019,102.0,59377149.67,20724.454,672.388,123086.8756,42031.89493,3864754.262
Germany,2019,105.0,50061232.17,12548.96424,510.541,166866.7369,29975.94045,2759492.248
Ireland,2019,107.0,8185971.032,828.2144047,160.7,11663.98895,5739.777961,817491.9631
Netherlands,2019,99.0,18042705.62,1266.641893,167.884,60977.34681,5235.752217,550582.7532
Switzerland,2019,101.0,3831774.145,540.3272348,119.409,54170.07963,3828.196845,137334.637
United Kingdom,2019,99.0,29830871.9,7261.990808,341.035,74209.41466,14921.47097,1990566.973
Australia,2019,86.0,37663114.19,65167.90406,329.869,110321.3265,15756.66873,2730011.988
New Zealand,2019,95.0,17612214.24,2409.120267,156.95,17956.41689,3884.894843,985350.83
Canada,2019,110.0,51505918.02,42898.43995,287.833,42027.04547,36981.36493,4321380.566
United States,2019,100.0,365743943.5,233530.5331,2424.583333,702971.6521,163086.3387,22404328.57
