,symbol,date,indices
40506,Food Indices (2015=100),Jan 1 2000,23.843294
40507,Food Indices (2015=100),Jan 1 2001,24.993438
40508,Food Indices (2015=100),Jan 1 2002,27.49769
40509,Food Indices (2015=100),Jan 1 2003,30.271959
40510,Food Indices (2015=100),Jan 1 2004,32.133543
40511,Food Indices (2015=100),Jan 1 2005,35.522764
40512,Food Indices (2015=100),Jan 1 2006,40.012714
40513,Food Indices (2015=100),Jan 1 2007,42.965709
40514,Food Indices (2015=100),Jan 1 2008,47.417543
40515,Food Indices (2015=100),Jan 1 2009,54.494509
40516,Food Indices (2015=100),Jan 1 2010,61.570834
40517,Food Indices (2015=100),Jan 1 2011,68.647159
40518,Food Indices (2015=100),Jan 1 2012,76.163109
40519,Food Indices (2015=100),Jan 1 2013,81.560066
40520,Food Indices (2015=100),Jan 1 2014,88.270532
40521,Food Indices (2015=100),Jan 1 2015,95.961026
40522,Food Indices (2015=100),Jan 1 2016,107.639687
40523,Food Indices (2015=100),Jan 1 2017,113.662772
40524,Food Indices (2015=100),Jan 1 2018,125.552411
40525,Food Indices (2015=100),Jan 1 2019,137.802755
40526,Food Indices (2015=100),Jan 1 2020,139.606278
40527,Food Indices (2015=100),Jan 1 2021,152.448721
40528,Food Indices (2015=100),Feb 1 2000,23.929132
40529,Food Indices (2015=100),Feb 1 2001,25.199363
40530,Food Indices (2015=100),Feb 1 2002,27.736767
40531,Food Indices (2015=100),Feb 1 2003,30.41638
40532,Food Indices (2015=100),Feb 1 2004,32.406502
40533,Food Indices (2015=100),Feb 1 2005,35.909438
40534,Food Indices (2015=100),Feb 1 2006,40.24925
40535,Food Indices (2015=100),Feb 1 2007,43.316808
40536,Food Indices (2015=100),Feb 1 2008,48.007295
40537,Food Indices (2015=100),Feb 1 2009,55.084203
40538,Food Indices (2015=100),Feb 1 2010,62.160528
40539,Food Indices (2015=100),Feb 1 2011,69.236852
40540,Food Indices (2015=100),Feb 1 2012,76.639511
40541,Food Indices (2015=100),Feb 1 2013,82.717043
40542,Food Indices (2015=100),Feb 1 2014,88.624431
40543,Food Indices (2015=100),Feb 1 2015,96.59396
40544,Food Indices (2015=100),Feb 1 2016,108.1297
40545,Food Indices (2015=100),Feb 1 2017,114.486268
40546,Food Indices (2015=100),Feb 1 2018,124.531549
40547,Food Indices (2015=100),Feb 1 2019,137.721086
40548,Food Indices (2015=100),Feb 1 2020,138.571804
40549,Food Indices (2015=100),Feb 1 2021,152.782203
40550,Food Indices (2015=100),Mar 1 2000,24.01497
40551,Food Indices (2015=100),Mar 1 2001,25.405288
40552,Food Indices (2015=100),Mar 1 2002,27.975844
40553,Food Indices (2015=100),Mar 1 2003,30.5608
40554,Food Indices (2015=100),Mar 1 2004,32.679461
40555,Food Indices (2015=100),Mar 1 2005,36.296112
40556,Food Indices (2015=100),Mar 1 2006,40.485786
40557,Food Indices (2015=100),Mar 1 2007,43.667906
40558,Food Indices (2015=100),Mar 1 2008,48.597047
40559,Food Indices (2015=100),Mar 1 2009,55.673897
40560,Food Indices (2015=100),Mar 1 2010,62.750221
40561,Food Indices (2015=100),Mar 1 2011,69.826546
40562,Food Indices (2015=100),Mar 1 2012,77.143137
40563,Food Indices (2015=100),Mar 1 2013,83.55415
40564,Food Indices (2015=100),Mar 1 2014,88.787769
40565,Food Indices (2015=100),Mar 1 2015,97.104391
40566,Food Indices (2015=100),Mar 1 2016,107.598852
40567,Food Indices (2015=100),Mar 1 2017,115.221288
40568,Food Indices (2015=100),Mar 1 2018,125.096426
40569,Food Indices (2015=100),Mar 1 2019,137.312741
40570,Food Indices (2015=100),Mar 1 2020,140.409356
40571,Food Indices (2015=100),Mar 1 2021,152.714146
40572,Food Indices (2015=100),Apr 1 2000,24.100809
40573,Food Indices (2015=100),Apr 1 2001,25.611213
40574,Food Indices (2015=100),Apr 1 2002,28.214921
40575,Food Indices (2015=100),Apr 1 2003,30.705221
40576,Food Indices (2015=100),Apr 1 2004,32.952419
40577,Food Indices (2015=100),Apr 1 2005,36.682786
40578,Food Indices (2015=100),Apr 1 2006,40.722323
40579,Food Indices (2015=100),Apr 1 2007,44.019004
40580,Food Indices (2015=100),Apr 1 2008,49.186799
40581,Food Indices (2015=100),Apr 1 2009,56.26359
40582,Food Indices (2015=100),Apr 1 2010,63.339915
40583,Food Indices (2015=100),Apr 1 2011,71.467144
40584,Food Indices (2015=100),Apr 1 2012,77.605927
40585,Food Indices (2015=100),Apr 1 2013,83.87402
40586,Food Indices (2015=100),Apr 1 2014,88.957912
40587,Food Indices (2015=100),Apr 1 2015,97.853023
40588,Food Indices (2015=100),Apr 1 2016,107.687327
40589,Food Indices (2015=100),Apr 1 2017,115.745331
40590,Food Indices (2015=100),Apr 1 2018,124.953506
40591,Food Indices (2015=100),Apr 1 2019,138.381243
40592,Food Indices (2015=100),Apr 1 2020,143.737366
40593,Food Indices (2015=100),Apr 1 2021,153.061239
40594,Food Indices (2015=100),May 1 2000,24.186647
40595,Food Indices (2015=100),May 1 2001,25.817138
40596,Food Indices (2015=100),May 1 2002,28.453999
40597,Food Indices (2015=100),May 1 2003,30.849641
40598,Food Indices (2015=100),May 1 2004,33.225378
40599,Food Indices (2015=100),May 1 2005,37.06946
40600,Food Indices (2015=100),May 1 2006,40.958859
40601,Food Indices (2015=100),May 1 2007,44.370103
40602,Food Indices (2015=100),May 1 2008,49.776551
40603,Food Indices (2015=100),May 1 2009,56.853284
40604,Food Indices (2015=100),May 1 2010,63.929609
40605,Food Indices (2015=100),May 1 2011,71.943546
40606,Food Indices (2015=100),May 1 2012,77.626345
40607,Food Indices (2015=100),May 1 2013,84.364034
40608,Food Indices (2015=100),May 1 2014,89.556818
40609,Food Indices (2015=100),May 1 2015,98.662907
40610,Food Indices (2015=100),May 1 2016,108.497211
40611,Food Indices (2015=100),May 1 2017,116.752581
40612,Food Indices (2015=100),May 1 2018,125.85867
40613,Food Indices (2015=100),May 1 2019,138.53097
40614,Food Indices (2015=100),May 1 2020,145.221019
40615,Food Indices (2015=100),May 1 2021,153.061239
40616,Food Indices (2015=100),Jun 1 2000,24.272485
40617,Food Indices (2015=100),Jun 1 2001,26.023063
40618,Food Indices (2015=100),Jun 1 2002,28.693076
40619,Food Indices (2015=100),Jun 1 2003,30.994062
40620,Food Indices (2015=100),Jun 1 2004,33.498337
40621,Food Indices (2015=100),Jun 1 2005,37.456134
40622,Food Indices (2015=100),Jun 1 2006,41.195395
40623,Food Indices (2015=100),Jun 1 2007,44.721201
40624,Food Indices (2015=100),Jun 1 2008,50.366303
40625,Food Indices (2015=100),Jun 1 2009,57.442978
40626,Food Indices (2015=100),Jun 1 2010,64.519303
40627,Food Indices (2015=100),Jun 1 2011,73.338724
40628,Food Indices (2015=100),Jun 1 2012,78.245667
40629,Food Indices (2015=100),Jun 1 2013,85.412119
40630,Food Indices (2015=100),Jun 1 2014,90.666155
40631,Food Indices (2015=100),Jun 1 2015,99.55446
40632,Food Indices (2015=100),Jun 1 2016,108.864721
40633,Food Indices (2015=100),Jun 1 2017,119.263902
40634,Food Indices (2015=100),Jun 1 2018,127.648581
40635,Food Indices (2015=100),Jun 1 2019,140.599917
40636,Food Indices (2015=100),Jun 1 2020,149.42697
40637,Food Indices (2015=100),Jun 1 2021,153.84448
40638,Food Indices (2015=100),Jul 1 2000,24.358323
40639,Food Indices (2015=100),Jul 1 2001,26.228988
40640,Food Indices (2015=100),Jul 1 2002,28.932153
40641,Food Indices (2015=100),Jul 1 2003,31.138482
40642,Food Indices (2015=100),Jul 1 2004,33.771296
40643,Food Indices (2015=100),Jul 1 2005,37.842808
40644,Food Indices (2015=100),Jul 1 2006,41.431931
40645,Food Indices (2015=100),Jul 1 2007,45.072299
40646,Food Indices (2015=100),Jul 1 2008,50.956055
40647,Food Indices (2015=100),Jul 1 2009,58.032672
40648,Food Indices (2015=100),Jul 1 2010,65.108996
40649,Food Indices (2015=100),Jul 1 2011,75.312391
40650,Food Indices (2015=100),Jul 1 2012,78.76971
40651,Food Indices (2015=100),Jul 1 2013,85.786435
40652,Food Indices (2015=100),Jul 1 2014,91.904801
40653,Food Indices (2015=100),Jul 1 2015,100.793106
40654,Food Indices (2015=100),Jul 1 2016,110.940474
40655,Food Indices (2015=100),Jul 1 2017,124.177651
40656,Food Indices (2015=100),Jul 1 2018,128.68986
40657,Food Indices (2015=100),Jul 1 2019,140.361716
40658,Food Indices (2015=100),Jul 1 2020,150.536307
40659,Food Indices (2015=100),Aug 1 2000,24.444161
40660,Food Indices (2015=100),Aug 1 2001,26.434913
40661,Food Indices (2015=100),Aug 1 2002,29.17123
40662,Food Indices (2015=100),Aug 1 2003,31.282902
40663,Food Indices (2015=100),Aug 1 2004,34.044255
40664,Food Indices (2015=100),Aug 1 2005,38.229482
40665,Food Indices (2015=100),Aug 1 2006,41.668467
40666,Food Indices (2015=100),Aug 1 2007,45.423398
40667,Food Indices (2015=100),Aug 1 2008,51.545807
40668,Food Indices (2015=100),Aug 1 2009,58.622365
40669,Food Indices (2015=100),Aug 1 2010,65.69869
40670,Food Indices (2015=100),Aug 1 2011,76.312835
40671,Food Indices (2015=100),Aug 1 2012,79.280141
40672,Food Indices (2015=100),Aug 1 2013,85.888521
40673,Food Indices (2015=100),Aug 1 2014,93.259144
40674,Food Indices (2015=100),Aug 1 2015,101.208256
40675,Food Indices (2015=100),Aug 1 2016,111.444099
40676,Food Indices (2015=100),Aug 1 2017,123.034285
40677,Food Indices (2015=100),Aug 1 2018,130.023787
40678,Food Indices (2015=100),Aug 1 2019,137.795949
40679,Food Indices (2015=100),Aug 1 2020,151.434665
40680,Food Indices (2015=100),Sep 1 2000,24.529999
40681,Food Indices (2015=100),Sep 1 2001,26.640838
40682,Food Indices (2015=100),Sep 1 2002,29.410307
40683,Food Indices (2015=100),Sep 1 2003,31.427323
40684,Food Indices (2015=100),Sep 1 2004,34.317213
40685,Food Indices (2015=100),Sep 1 2005,38.616156
40686,Food Indices (2015=100),Sep 1 2006,41.905003
40687,Food Indices (2015=100),Sep 1 2007,45.774496
40688,Food Indices (2015=100),Sep 1 2008,52.135559
40689,Food Indices (2015=100),Sep 1 2009,59.212059
40690,Food Indices (2015=100),Sep 1 2010,66.288384
40691,Food Indices (2015=100),Sep 1 2011,75.979354
40692,Food Indices (2015=100),Sep 1 2012,79.926687
40693,Food Indices (2015=100),Sep 1 2013,86.405757
40694,Food Indices (2015=100),Sep 1 2014,93.422482
40695,Food Indices (2015=100),Sep 1 2015,101.42604
40696,Food Indices (2015=100),Sep 1 2016,110.504906
40697,Food Indices (2015=100),Sep 1 2017,120.938115
40698,Food Indices (2015=100),Sep 1 2018,131.915784
40699,Food Indices (2015=100),Sep 1 2019,135.788254
40700,Food Indices (2015=100),Sep 1 2020,150.788119
40701,Food Indices (2015=100),Oct 1 2000,24.615837
40702,Food Indices (2015=100),Oct 1 2001,26.846763
40703,Food Indices (2015=100),Oct 1 2002,29.649385
40704,Food Indices (2015=100),Oct 1 2003,31.571743
40705,Food Indices (2015=100),Oct 1 2004,34.590172
40706,Food Indices (2015=100),Oct 1 2005,39.00283
40707,Food Indices (2015=100),Oct 1 2006,42.141539
40708,Food Indices (2015=100),Oct 1 2007,46.125594
40709,Food Indices (2015=100),Oct 1 2008,52.725311
40710,Food Indices (2015=100),Oct 1 2009,59.801753
40711,Food Indices (2015=100),Oct 1 2010,66.878077
40712,Food Indices (2015=100),Oct 1 2011,75.802404
40713,Food Indices (2015=100),Oct 1 2012,80.144471
40714,Food Indices (2015=100),Oct 1 2013,86.439786
40715,Food Indices (2015=100),Oct 1 2014,94.103057
40716,Food Indices (2015=100),Oct 1 2015,102.719132
40717,Food Indices (2015=100),Oct 1 2016,112.199537
40718,Food Indices (2015=100),Oct 1 2017,122.693998
40719,Food Indices (2015=100),Oct 1 2018,132.433021
40720,Food Indices (2015=100),Oct 1 2019,137.98651
40721,Food Indices (2015=100),Oct 1 2020,151.632032
40722,Food Indices (2015=100),Nov 1 2000,24.701675
40723,Food Indices (2015=100),Nov 1 2001,27.052688
40724,Food Indices (2015=100),Nov 1 2002,29.888462
40725,Food Indices (2015=100),Nov 1 2003,31.716164
40726,Food Indices (2015=100),Nov 1 2004,34.863131
40727,Food Indices (2015=100),Nov 1 2005,39.389504
40728,Food Indices (2015=100),Nov 1 2006,42.378075
40729,Food Indices (2015=100),Nov 1 2007,46.476693
40730,Food Indices (2015=100),Nov 1 2008,53.315063
40731,Food Indices (2015=100),Nov 1 2009,60.391446
40732,Food Indices (2015=100),Nov 1 2010,67.467771
40733,Food Indices (2015=100),Nov 1 2011,75.918102
40734,Food Indices (2015=100),Nov 1 2012,80.437118
40735,Food Indices (2015=100),Nov 1 2013,87.923439
40736,Food Indices (2015=100),Nov 1 2014,95.110307
40737,Food Indices (2015=100),Nov 1 2015,103.658325
40738,Food Indices (2015=100),Nov 1 2016,113.383737
40739,Food Indices (2015=100),Nov 1 2017,124.497521
40740,Food Indices (2015=100),Nov 1 2018,131.840921
40741,Food Indices (2015=100),Nov 1 2019,138.89848
40742,Food Indices (2015=100),Nov 1 2020,153.428749
40743,Food Indices (2015=100),Dec 1 2000,24.787513
40744,Food Indices (2015=100),Dec 1 2001,27.258613
40745,Food Indices (2015=100),Dec 1 2002,30.127539
40746,Food Indices (2015=100),Dec 1 2003,31.860584
40747,Food Indices (2015=100),Dec 1 2004,35.13609
40748,Food Indices (2015=100),Dec 1 2005,39.776178
40749,Food Indices (2015=100),Dec 1 2006,42.614611
40750,Food Indices (2015=100),Dec 1 2007,46.827791
40751,Food Indices (2015=100),Dec 1 2008,53.904815
40752,Food Indices (2015=100),Dec 1 2009,60.98114
40753,Food Indices (2015=100),Dec 1 2010,68.057465
40754,Food Indices (2015=100),Dec 1 2011,76.278807
40755,Food Indices (2015=100),Dec 1 2012,80.86588
40756,Food Indices (2015=100),Dec 1 2013,87.971079
40757,Food Indices (2015=100),Dec 1 2014,95.484623
40758,Food Indices (2015=100),Dec 1 2015,104.924194
40759,Food Indices (2015=100),Dec 1 2016,112.8665
40760,Food Indices (2015=100),Dec 1 2017,126.804669
40761,Food Indices (2015=100),Dec 1 2018,132.698445
40762,Food Indices (2015=100),Dec 1 2019,140.599917
40763,Food Indices (2015=100),Dec 1 2020,152.80262
40764,General Indices (2015=100),Jan 1 2000,41.598848
40765,General Indices (2015=100),Jan 1 2001,44.114188
40766,General Indices (2015=100),Jan 1 2002,48.017751
40767,General Indices (2015=100),Jan 1 2003,50.994382
40768,General Indices (2015=100),Jan 1 2004,54.162492
40769,General Indices (2015=100),Jan 1 2005,59.058266
40770,General Indices (2015=100),Jan 1 2006,63.832189
40771,General Indices (2015=100),Jan 1 2007,67.805382
40772,General Indices (2015=100),Jan 1 2008,73.493184
40773,General Indices (2015=100),Jan 1 2009,79.285428
40774,General Indices (2015=100),Jan 1 2010,80.421248
40775,General Indices (2015=100),Jan 1 2011,84.363978
40776,General Indices (2015=100),Jan 1 2012,88.945544
40777,General Indices (2015=100),Jan 1 2013,92.376182
40778,General Indices (2015=100),Jan 1 2014,96.200087
40779,General Indices (2015=100),Jan 1 2015,98.434185
40780,General Indices (2015=100),Jan 1 2016,102.7434
40781,General Indices (2015=100),Jan 1 2017,106.676081
40782,General Indices (2015=100),Jan 1 2018,111.704893
40783,General Indices (2015=100),Jan 1 2019,116.290233
40784,General Indices (2015=100),Jan 1 2020,118.36535
40785,General Indices (2015=100),Jan 1 2021,124.565599
40786,General Indices (2015=100),Feb 1 2000,41.925233
40787,General Indices (2015=100),Feb 1 2001,44.436221
40788,General Indices (2015=100),Feb 1 2002,48.439876
40789,General Indices (2015=100),Feb 1 2003,51.346878
40790,General Indices (2015=100),Feb 1 2004,54.562857
40791,General Indices (2015=100),Feb 1 2005,59.493446
40792,General Indices (2015=100),Feb 1 2006,63.814782
40793,General Indices (2015=100),Feb 1 2007,68.040379
40794,General Indices (2015=100),Feb 1 2008,74.002344
40795,General Indices (2015=100),Feb 1 2009,78.811082
40796,General Indices (2015=100),Feb 1 2010,80.769392
40797,General Indices (2015=100),Feb 1 2011,84.99934
40798,General Indices (2015=100),Feb 1 2012,89.389017
40799,General Indices (2015=100),Feb 1 2013,93.129248
40800,General Indices (2015=100),Feb 1 2014,96.392537
40801,General Indices (2015=100),Feb 1 2015,98.743779
40802,General Indices (2015=100),Feb 1 2016,102.960952
40803,General Indices (2015=100),Feb 1 2017,107.03588
40804,General Indices (2015=100),Feb 1 2018,111.478973
40805,General Indices (2015=100),Feb 1 2019,116.449214
40806,General Indices (2015=100),Feb 1 2020,117.888408
40807,General Indices (2015=100),Feb 1 2021,124.958867
40808,General Indices (2015=100),Mar 1 2000,42.37782
40809,General Indices (2015=100),Mar 1 2001,44.67557
40810,General Indices (2015=100),Mar 1 2002,48.753206
40811,General Indices (2015=100),Mar 1 2003,51.56882
40812,General Indices (2015=100),Mar 1 2004,54.954519
40813,General Indices (2015=100),Mar 1 2005,59.771961
40814,General Indices (2015=100),Mar 1 2006,64.12376
40815,General Indices (2015=100),Mar 1 2007,68.627872
40816,General Indices (2015=100),Mar 1 2008,74.872704
40817,General Indices (2015=100),Mar 1 2009,78.615251
40818,General Indices (2015=100),Mar 1 2010,81.705028
40819,General Indices (2015=100),Mar 1 2011,85.782664
40820,General Indices (2015=100),Mar 1 2012,89.681876
40821,General Indices (2015=100),Mar 1 2013,93.572721
40822,General Indices (2015=100),Mar 1 2014,96.61009
40823,General Indices (2015=100),Mar 1 2015,98.952964
40824,General Indices (2015=100),Mar 1 2016,103.170138
40825,General Indices (2015=100),Mar 1 2017,107.29527
40826,General Indices (2015=100),Mar 1 2018,111.738363
40827,General Indices (2015=100),Mar 1 2019,116.399009
40828,General Indices (2015=100),Mar 1 2020,118.457391
40829,General Indices (2015=100),Mar 1 2021,125.377238
40830,General Indices (2015=100),Apr 1 2000,42.782537
40831,General Indices (2015=100),Apr 1 2001,44.867049
40832,General Indices (2015=100),Apr 1 2002,49.018665
40833,General Indices (2015=100),Apr 1 2003,51.799465
40834,General Indices (2015=100),Apr 1 2004,55.24609
40835,General Indices (2015=100),Apr 1 2005,60.150567
40836,General Indices (2015=100),Apr 1 2006,64.650328
40837,General Indices (2015=100),Apr 1 2007,68.788889
40838,General Indices (2015=100),Apr 1 2008,75.921487
40839,General Indices (2015=100),Apr 1 2009,78.671824
40840,General Indices (2015=100),Apr 1 2010,81.622344
40841,General Indices (2015=100),Apr 1 2011,86.326546
40842,General Indices (2015=100),Apr 1 2012,90.016573
40843,General Indices (2015=100),Apr 1 2013,93.731702
40844,General Indices (2015=100),Apr 1 2014,96.794173
40845,General Indices (2015=100),Apr 1 2015,99.28766
40846,General Indices (2015=100),Apr 1 2016,103.345853
40847,General Indices (2015=100),Apr 1 2017,107.571394
40848,General Indices (2015=100),Apr 1 2018,111.788568
40849,General Indices (2015=100),Apr 1 2019,117.101871
40850,General Indices (2015=100),Apr 1 2020,119.3025
40851,General Indices (2015=100),Apr 1 2021,125.699509
40852,General Indices (2015=100),May 1 2000,42.434393
40853,General Indices (2015=100),May 1 2001,45.001955
40854,General Indices (2015=100),May 1 2002,49.192737
40855,General Indices (2015=100),May 1 2003,51.930019
40856,General Indices (2015=100),May 1 2004,55.703029
40857,General Indices (2015=100),May 1 2005,60.450842
40858,General Indices (2015=100),May 1 2006,65.055045
40859,General Indices (2015=100),May 1 2007,68.610465
40860,General Indices (2015=100),May 1 2008,77.009437
40861,General Indices (2015=100),May 1 2009,78.776268
40862,General Indices (2015=100),May 1 2010,81.53966
40863,General Indices (2015=100),May 1 2011,86.753284
40864,General Indices (2015=100),May 1 2012,90.133716
40865,General Indices (2015=100),May 1 2013,93.982724
40866,General Indices (2015=100),May 1 2014,97.011725
40867,General Indices (2015=100),May 1 2015,99.488478
40868,General Indices (2015=100),May 1 2016,103.822795
40869,General Indices (2015=100),May 1 2017,107.90609
40870,General Indices (2015=100),May 1 2018,112.315714
40871,General Indices (2015=100),May 1 2019,117.411466
40872,General Indices (2015=100),May 1 2020,119.52842
40873,General Indices (2015=100),May 1 2021,126.030934
40874,General Indices (2015=100),Jun 1 2000,42.647631
40875,General Indices (2015=100),Jun 1 2001,45.332691
40876,General Indices (2015=100),Jun 1 2002,49.475604
40877,General Indices (2015=100),Jun 1 2003,52.069276
40878,General Indices (2015=100),Jun 1 2004,55.92497
40879,General Indices (2015=100),Jun 1 2005,60.846855
40880,General Indices (2015=100),Jun 1 2006,65.442355
40881,General Indices (2015=100),Jun 1 2007,68.919443
40882,General Indices (2015=100),Jun 1 2008,78.262755
40883,General Indices (2015=100),Jun 1 2009,78.745805
40884,General Indices (2015=100),Jun 1 2010,81.948729
40885,General Indices (2015=100),Jun 1 2011,87.213491
40886,General Indices (2015=100),Jun 1 2012,90.242493
40887,General Indices (2015=100),Jun 1 2013,94.568442
40888,General Indices (2015=100),Jun 1 2014,97.530505
40889,General Indices (2015=100),Jun 1 2015,99.856644
40890,General Indices (2015=100),Jun 1 2016,104.283003
40891,General Indices (2015=100),Jun 1 2017,108.834873
40892,General Indices (2015=100),Jun 1 2018,112.960005
40893,General Indices (2015=100),Jun 1 2019,118.382085
40894,General Indices (2015=100),Jun 1 2020,121.210269
40895,General Indices (2015=100),Jun 1 2021,126.36236
40896,General Indices (2015=100),Jul 1 2000,42.747723
40897,General Indices (2015=100),Jul 1 2001,45.728705
40898,General Indices (2015=100),Jul 1 2002,49.889025
40899,General Indices (2015=100),Jul 1 2003,52.208534
40900,General Indices (2015=100),Jul 1 2004,56.194782
40901,General Indices (2015=100),Jul 1 2005,61.421293
40902,General Indices (2015=100),Jul 1 2006,65.742629
40903,General Indices (2015=100),Jul 1 2007,69.415548
40904,General Indices (2015=100),Jul 1 2008,79.24191
40905,General Indices (2015=100),Jul 1 2009,79.002561
40906,General Indices (2015=100),Jul 1 2010,82.257707
40907,General Indices (2015=100),Jul 1 2011,88.041864
40908,General Indices (2015=100),Jul 1 2012,90.560454
40909,General Indices (2015=100),Jul 1 2013,94.852934
40910,General Indices (2015=100),Jul 1 2014,98.091121
40911,General Indices (2015=100),Jul 1 2015,100.367056
40912,General Indices (2015=100),Jul 1 2016,105.0026
40913,General Indices (2015=100),Jul 1 2017,110.483252
40914,General Indices (2015=100),Jul 1 2018,113.36164
40915,General Indices (2015=100),Jul 1 2019,118.315146
40916,General Indices (2015=100),Jul 1 2020,121.720681
40917,General Indices (2015=100),Aug 1 2000,42.556244
40918,General Indices (2015=100),Aug 1 2001,46.298791
40919,General Indices (2015=100),Aug 1 2002,49.87597
40920,General Indices (2015=100),Aug 1 2003,52.352143
40921,General Indices (2015=100),Aug 1 2004,56.36015
40922,General Indices (2015=100),Aug 1 2005,61.643235
40923,General Indices (2015=100),Aug 1 2006,65.955867
40924,General Indices (2015=100),Aug 1 2007,70.05091
40925,General Indices (2015=100),Aug 1 2008,79.637924
40926,General Indices (2015=100),Aug 1 2009,79.054783
40927,General Indices (2015=100),Aug 1 2010,82.292521
40928,General Indices (2015=100),Aug 1 2011,88.569011
40929,General Indices (2015=100),Aug 1 2012,90.970457
40930,General Indices (2015=100),Aug 1 2013,94.986813
40931,General Indices (2015=100),Aug 1 2014,98.501124
40932,General Indices (2015=100),Aug 1 2015,100.433995
40933,General Indices (2015=100),Aug 1 2016,105.19505
40934,General Indices (2015=100),Aug 1 2017,110.156923
40935,General Indices (2015=100),Aug 1 2018,113.863685
40936,General Indices (2015=100),Aug 1 2019,117.294322
40937,General Indices (2015=100),Aug 1 2020,122.20599
40938,General Indices (2015=100),Sep 1 2000,42.617169
40939,General Indices (2015=100),Sep 1 2001,46.446752
40940,General Indices (2015=100),Sep 1 2002,49.745416
40941,General Indices (2015=100),Sep 1 2003,52.569733
40942,General Indices (2015=100),Sep 1 2004,56.799682
40943,General Indices (2015=100),Sep 1 2005,62.16545
40944,General Indices (2015=100),Sep 1 2006,65.707815
40945,General Indices (2015=100),Sep 1 2007,70.525257
40946,General Indices (2015=100),Sep 1 2008,79.516073
40947,General Indices (2015=100),Sep 1 2009,79.542184
40948,General Indices (2015=100),Sep 1 2010,82.53187
40949,General Indices (2015=100),Sep 1 2011,88.510439
40950,General Indices (2015=100),Sep 1 2012,91.41393
40951,General Indices (2015=100),Sep 1 2013,95.262937
40952,General Indices (2015=100),Sep 1 2014,98.551328
40953,General Indices (2015=100),Sep 1 2015,100.400526
40954,General Indices (2015=100),Sep 1 2016,104.977498
40955,General Indices (2015=100),Sep 1 2017,109.55447
40956,General Indices (2015=100),Sep 1 2018,114.541445
40957,General Indices (2015=100),Sep 1 2019,116.608194
40958,General Indices (2015=100),Sep 1 2020,122.398441
40959,General Indices (2015=100),Oct 1 2000,42.747723
40960,General Indices (2015=100),Oct 1 2001,46.794896
40961,General Indices (2015=100),Oct 1 2002,49.884673
40962,General Indices (2015=100),Oct 1 2003,52.796027
40963,General Indices (2015=100),Oct 1 2004,57.356712
40964,General Indices (2015=100),Oct 1 2005,63.257752
40965,General Indices (2015=100),Oct 1 2006,65.694759
40966,General Indices (2015=100),Oct 1 2007,70.764605
40967,General Indices (2015=100),Oct 1 2008,79.912087
40968,General Indices (2015=100),Oct 1 2009,79.389871
40969,General Indices (2015=100),Oct 1 2010,82.96705
40970,General Indices (2015=100),Oct 1 2011,88.47697
40971,General Indices (2015=100),Oct 1 2012,91.439032
40972,General Indices (2015=100),Oct 1 2013,95.237835
40973,General Indices (2015=100),Oct 1 2014,98.701942
40974,General Indices (2015=100),Oct 1 2015,100.90257
40975,General Indices (2015=100),Oct 1 2016,105.705462
40976,General Indices (2015=100),Oct 1 2017,110.148556
40977,General Indices (2015=100),Oct 1 2018,114.926345
40978,General Indices (2015=100),Oct 1 2019,117.419833
40979,General Indices (2015=100),Oct 1 2020,123.695389
40980,General Indices (2015=100),Nov 1 2000,43.03059
40981,General Indices (2015=100),Nov 1 2001,47.121281
40982,General Indices (2015=100),Nov 1 2002,50.110967
40983,General Indices (2015=100),Nov 1 2003,53.035376
40984,General Indices (2015=100),Nov 1 2004,57.926798
40985,General Indices (2015=100),Nov 1 2005,63.283863
40986,General Indices (2015=100),Nov 1 2006,66.069014
40987,General Indices (2015=100),Nov 1 2007,72.100608
40988,General Indices (2015=100),Nov 1 2008,79.920791
40989,General Indices (2015=100),Nov 1 2009,79.433389
40990,General Indices (2015=100),Nov 1 2010,83.606765
40991,General Indices (2015=100),Nov 1 2011,88.66942
40992,General Indices (2015=100),Nov 1 2012,91.430664
40993,General Indices (2015=100),Nov 1 2013,95.664573
40994,General Indices (2015=100),Nov 1 2014,98.894392
40995,General Indices (2015=100),Nov 1 2015,101.379512
40996,General Indices (2015=100),Nov 1 2016,106.115465
40997,General Indices (2015=100),Nov 1 2017,111.094073
40998,General Indices (2015=100),Nov 1 2018,114.591649
40999,General Indices (2015=100),Nov 1 2019,117.938612
41000,General Indices (2015=100),Nov 1 2020,124.381516
41001,General Indices (2015=100),Dec 1 2000,43.517991
41002,General Indices (2015=100),Dec 1 2001,47.395444
41003,General Indices (2015=100),Dec 1 2002,50.393834
41004,General Indices (2015=100),Dec 1 2003,53.344354
41005,General Indices (2015=100),Dec 1 2004,58.266238
41006,General Indices (2015=100),Dec 1 2005,63.257752
41007,General Indices (2015=100),Dec 1 2006,66.921967
41008,General Indices (2015=100),Dec 1 2007,72.775137
41009,General Indices (2015=100),Dec 1 2008,79.616165
41010,General Indices (2015=100),Dec 1 2009,79.394223
41011,General Indices (2015=100),Dec 1 2010,83.676393
41012,General Indices (2015=100),Dec 1 2011,88.86187
41013,General Indices (2015=100),Dec 1 2012,91.924342
41014,General Indices (2015=100),Dec 1 2013,95.957432
41015,General Indices (2015=100),Dec 1 2014,98.785616
41016,General Indices (2015=100),Dec 1 2015,101.814617
41017,General Indices (2015=100),Dec 1 2016,106.123832
41018,General Indices (2015=100),Dec 1 2017,112.148366
41019,General Indices (2015=100),Dec 1 2018,114.742262
41020,General Indices (2015=100),Dec 1 2019,118.649842
41021,General Indices (2015=100),Dec 1 2020,124.373149
